"$/hour (steamdb)","Δ",rating,$,time,hltb,id,name
84.95,41.76,91.29,84.95,"58 min","25.59 hours",930910,"STEINS;GATE: Linear Bounded Phenogram"
69.95,34.68,85.08,69.95,"59 min","57.69 hours",740130,"Tales of ARISE"
73.87,34.36,85.87,84.95,"1.15 hours","31.91 hours",819030,"STEINS;GATE ELITE"
61.69,28.92,61.38,69.92,"1.13 hours","18.76 hours",1299510,"Vampire: The Masquerade - Swansong"
84.95,28.32,91.3,84.95,"30 min","80.66 hours",1971650,"OCTOPATH TRAVELER II"
59.98,28.13,89.97,59.98,"53 min","11.85 hours",2138710,Sifu
59.95,28.12,71.69,59.95,"53 min","52.68 hours",794260,Outward
59.95,27.83,33.11,59.95,"52 min","10.12 hours",1454970,"New Tales from the Borderlands"
55.64,27.36,57.12,57.49,"1.03 hours","33.58 hours",525240,"LOST SPHEAR"
69.95,27.12,78.34,69.95,"38 min","13.39 hours",1836860,"Neptunia x SENRAN KAGURA: Ninja Wars"
54.95,26.77,76.13,54.95,"57 min","23.23 hours",1097350,"Weird West: Definitive Edition"
51.93,24.84,72.24,51.93,"55 min","25.65 hours",1101790,"War Mongrels"
52.13,24.25,94.28,59.95,"1.15 hours","243.57 hours",220200,"Kerbal Space Program"
49.95,23.66,70.97,49.95,"54 min","68.37 hours",1496250,"Mary Skelter 2"
52.66,23.58,75.17,64.95,"1.23 hours","43.90 hours",1611910,"Warhammer 40,000: Chaos Gate - Daemonhunters"
47.57,23.21,79.94,49.95,"1.05 hours","19.17 hours",710920,"Darksiders Genesis"
56.95,22.78,61.32,56.95,"40 min","11.58 hours",935570,"Ary and the secret of seasons"
56.95,22.43,68.01,56.95,"39 min","31.95 hours",700600,"Evil Genius 2"
58.5,22.31,69.66,58.5,"37 min","82.38 hours",2357400,"Mary Skelter Finale"
44.95,21.5,70.8,44.95,"55 min","11.12 hours",816090,"Space Hulk: Deathwing - Enhanced Edition"
43.95,21.41,96.01,43.95,"57 min","14.08 hours",253230,"A Hat in Time"
51.95,21.39,69.08,51.95,"42 min","20.95 hours",2085370,"Classified: France '44"
43.95,21.22,79.21,43.95,"56 min","21.98 hours",1282410,"Hard West 2"
42.95,21.11,77.19,42.95,"58 min","27.16 hours",388410,"Darksiders II Deathinitive Edition"
46.95,21.11,84.32,46.95,"49 min","72.44 hours",803600,"Disgaea 5 Complete"
42.25,20.95,84.73,42.95,"1.02 hours","44.45 hours",451020,"Battle Chasers: Nightwar"
55.07,20.91,83.79,89.95,"1.63 hours","77.05 hours",921570,"OCTOPATH TRAVELER"
43.95,20.82,77.78,43.95,"54 min","10.10 hours",494430,"Praey for the Gods"
48.95,20.71,62.03,48.95,"44 min","9.49 hours",967390,"Chronos: Before the Ashes"
50.69,20.69,78.01,73.5,"1.45 hours","1.25 hours",377870,"DARIUSBURST Chronicle Saviours"
50.69,20.69,81.23,73.5,"1.45 hours","26.43 hours",1282100,"Remnant II"
44.95,20.65,89.87,44.95,"51 min","104.51 hours",666140,"My Time at Portia"
48.8,20.37,91.76,48.8,"43 min","13.33 hours",1119980,"In Sound Mind"
44.95,20.21,89.77,44.95,"49 min","8.07 hours",1139900,Ghostrunner
50.95,20.07,73.66,50.95,"39 min","22.99 hours",1158370,"Aragami 2"
43.95,19.76,73.98,43.95,"49 min","24.53 hours",803050,"Per Aspera"
42.95,19.52,79.51,42.95,"50 min","18.54 hours",555950,"Danganronpa Another Episode: Ultra Despair Girls"
39.3,19.49,88.55,39.95,"1.02 hours","8.16 hours",414340,"Hellblade: Senua's Sacrifice"
40.85,19.45,73.96,44.94,"1.10 hours","45.28 hours",999020,"Mega Man Zero/ZX Legacy Collection"
43.95,19.31,85.02,43.95,"47 min","21.13 hours",449610,"Monster Boy And The Cursed Kingdom"
42.95,19.31,83.18,42.95,"49 min","16.49 hours",807120,"Iratus: Lord of the Dead"
43.95,19.31,84.71,43.95,"47 min","6.85 hours",1614270,"Submerged: Hidden Depths"
42.46,19.3,86.75,50.95,"1.20 hours","35.55 hours",1244090,"Sea of Stars: Sunset Edition"
58.9,19.19,86.53,58.9,"29 min","58.15 hours",595520,"FINAL FANTASY XII THE ZODIAC AGE"
46.95,19.06,69.6,46.95,"41 min","25.77 hours",441830,"I am Setsuna"
39.95,18.74,95.21,39.95,"53 min","15.48 hours",1057090,"Ori and the Will of the Wisps"
39.36,18.59,84.7,43.95,"1.12 hours","26.50 hours",541640,"Disney Infinity 1.0: Gold Edition"
48.95,18.59,72.49,79.95,"1.63 hours","12.48 hours",1065310,"Evil West"
49.97,18.51,81.66,84.95,"1.70 hours","57.53 hours",587260,"Tokyo Xanadu eX+"
38.46,18.17,67.26,42.95,"1.12 hours","9.80 hours",679110,"Werewolf: The Apocalypse - Earthblood"
38.14,18.16,92.47,41.95,"1.10 hours","36.59 hours",333640,"Caves of Qud"
35.95,17.98,83.26,35.95,"60 min","18.07 hours",804010,"SteamWorld Quest: Hand of Gilgamech"
41.95,17.98,92.81,41.95,"45 min","109.50 hours",975370,"Dwarf Fortress"
42.95,17.69,94.54,42.95,"42 min","8.88 hours",235460,"METAL GEAR RISING: REVENGEANCE"
35.36,17.53,85.11,35.95,"1.02 hours","6.51 hours",1726190,"No Straight Roads: Encore Edition"
36.5,17.46,60.03,36.5,"55 min","15.00 hours",370870,"Dark Future: Blood Red States"
49.95,17.37,85.02,49.95,"32 min","5.57 hours",582560,"The Invisible Hours"
43.95,17.31,75.3,43.95,"39 min","9.66 hours",999220,"Amnesia: Rebirth"
36.5,17.29,73.33,36.5,"54 min","12.42 hours",1717640,"Mahokenshi - The Samurai Deckbuilder"
45.99,17.25,66.64,45.99,"36 min","20.71 hours",637670,"Secret of Mana"
48.62,17.06,94.29,89.95,"1.85 hours","45.08 hours",814380,"Sekiro™: Shadows Die Twice"
34.76,16.96,76.05,36.5,"1.05 hours","6.42 hours",906100,Observation
34.76,16.96,91.29,36.5,"1.05 hours","9.56 hours",1147550,"Not For Broadcast"
44.95,16.86,61.25,44.95,"36 min","33.06 hours",340170,"FINAL FANTASY TYPE-0 HD"
35.95,16.69,88.42,35.95,"52 min","19.05 hours",774361,Blasphemous
41.41,16.56,84.51,41.41,"40 min","52.22 hours",994280,"古剑奇谭三(Gujian3)"
43.95,16.48,84.61,43.95,"36 min","15.47 hours",541660,"Disney Infinity 2.0: Gold Edition"
35.95,16.34,71.49,35.95,"50 min","21.66 hours",1042780,Pine
39.73,16.33,84.16,56.95,"1.43 hours","18.50 hours",541210,"Cold Waters"
33.7,16.31,72.71,35.95,"1.07 hours","9.71 hours",844260,Rustler
44.95,16.26,67.94,44.95,"34 min","10.19 hours",1630110,"Gungrave G.O.R.E"
51.0,16.23,81.99,51.0,"28 min","7.95 hours",1839510,"ＲＰＧタイム！～ライトの伝説～"
33.69,16.17,74.05,36.5,"1.08 hours","8.08 hours",985830,SUCCUBUS
41.65,16.12,36.7,65.95,"1.58 hours","92.80 hours",730310,"DYNASTY WARRIORS 9"
42.95,16.11,78.32,42.95,"36 min","6.17 hours",1571460,"Zorro The Chronicles"
35.95,15.79,71.87,35.95,"47 min","10.00 hours",600460,Dustwind
35.49,15.66,86.55,44.95,"1.27 hours","36.27 hours",1276790,"Ruined King: A League of Legends Story™"
36.5,15.64,79.12,36.5,"45 min","5.52 hours",730390,"Raji: An Ancient Epic"
41.34,15.6,95.06,68.21,"1.65 hours","122.89 hours",1687950,"Persona 5 Royal"
32.31,15.51,95.39,35.0,"1.08 hours","3.96 hours",304430,INSIDE
35.95,15.21,75.64,35.95,"44 min","14.91 hours",1766100,"The Last Hero of Nostalgaia"
39.77,15.1,94.52,64.95,"1.63 hours","101.42 hours",435150,"Divinity: Original Sin 2"
36.5,15.03,85.18,36.5,"42 min","14.75 hours",865680,"The Eternal Cylinder"
29.95,14.97,93.5,29.95,"60 min","10.62 hours",387290,"Ori and the Blind Forest: Definitive Edition"
29.95,14.97,74.05,29.95,"60 min","16.82 hours",1262600,"Need for Speed™ Rivals"
43.95,14.97,72.4,43.95,"31 min","45.53 hours",1517970,"Aeterna Noctis"
38.27,14.91,94.1,59.95,"1.57 hours","27.55 hours",418240,"Shadow Tactics: Blades of the Shogun"
29.95,14.85,78.47,29.95,"59 min","75.84 hours",1809700,"Persona 3 Portable"
29.5,14.75,74.43,29.5,"60 min","9.71 hours",32430,"STAR WARS™: The Force Unleashed™ Ultimate Sith Edition"
29.95,14.72,80.76,29.95,"58 min","7.57 hours",1928690,"Bionic Bay"
37.14,14.66,67.28,56.95,"1.53 hours","24.66 hours",1271100,"Deadly Premonition 2"
43.95,14.65,69.59,43.95,"30 min","28.66 hours",761030,EARTHLOCK
44.95,14.65,85.25,44.95,"29 min","6.06 hours",1294420,Rollerdrome
29.5,14.63,82.82,29.5,"59 min","10.78 hours",319870,"Jenny LeClue - Detectivu"
42.95,14.63,62.51,42.95,"31 min","37.00 hours",445020,"Frozen Synapse 2"
29.5,14.63,88.38,29.5,"59 min","7.15 hours",1466230,"The Holy Gosh Darn"
42.08,14.51,69.92,79.95,"1.90 hours","35.16 hours",889600,"The Caligula Effect: Overdose"
29.5,14.5,87.72,29.5,"58 min","4.40 hours",994140,Lightmatter
28.95,14.47,95.52,28.95,"60 min","14.79 hours",1092790,Inscryption
31.29,14.44,73.37,36.5,"1.17 hours","18.39 hours",273620,"Freespace 2"
31.29,14.44,90.0,36.5,"1.17 hours","5.70 hours",1903620,"Killer Frequency"
59.95,14.42,83.54,59.95,"19 min","72.12 hours",1798010,"Mega Man Battle Network Legacy Collection Vol. 1"
36.74,14.41,82.7,56.95,"1.55 hours","22.88 hours",210970,"The Witness"
37.47,14.41,91.6,59.95,"1.60 hours","20.78 hours",214490,"Alien: Isolation"
29.02,14.39,82.7,29.5,"1.02 hours","5.00 hours",274480,"Drox Operative"
36.5,14.38,77.8,36.5,"39 min","16.49 hours",1150530,"Wizard with a Gun"
29.5,14.37,74.28,29.5,"57 min","4.56 hours",313780,Conarium
29.5,14.37,68.52,29.5,"57 min","5.94 hours",635390,"Thief of Thieves: Season One"
29.49,14.37,88.4,29.49,"57 min","6.75 hours",2116510,"Creepy Redneck Dinosaur Mansion 3"
43.95,14.32,83.67,43.95,"29 min","29.77 hours",541670,"Disney Infinity 3.0: Gold Edition"
31.26,14.32,96.01,36.99,"1.18 hours","36.59 hours",646570,"Slay the Spire"
44.95,14.3,79.42,44.95,"28 min","30.58 hours",798490,Othercide
28.95,14.23,80.06,28.95,"58 min","7.37 hours",746580,"HARDCORE MECHA"
35.95,14.16,74.73,35.95,"39 min","28.83 hours",312780,"Way of the Samurai 4"
35.95,14.16,87.77,35.95,"39 min","78.53 hours",445220,Avorion
28.48,14.12,80.46,28.95,"1.02 hours","23.71 hours",329430,"State of Decay: Year-One"
28.55,14.04,65.47,29.5,"1.03 hours","6.40 hours",762220,Afterparty
42.95,13.99,65.77,42.95,"29 min","23.34 hours",658700,"V-Rally 4"
42.95,13.99,58.65,42.95,"29 min","44.68 hours",1062340,"KATANA KAMI: A Way of the Samurai Story "
28.95,13.98,71.53,28.95,"56 min","10.81 hours",312200,Chasm
43.95,13.98,84.33,43.95,"28 min","11.98 hours",521890,"Hello Neighbor"
28.95,13.98,71.58,28.95,"56 min","22.50 hours",1164250,"Model Builder: Complete Edition"
28.95,13.98,76.88,28.95,"56 min","4.40 hours",1389360,"Mech Armada"
29.5,13.97,93.24,29.5,"54 min","4.18 hours",466630,"The Pedestrian"
28.95,13.85,80.08,28.95,"55 min","27.33 hours",607050,Wargroove
28.95,13.85,87.28,28.95,"55 min","29.41 hours",690790,"DiRT Rally 2.0"
49.95,13.84,92.23,49.95,"23 min","14.35 hours",50130,"Mafia II (Classic)"
28.02,13.78,86.69,28.95,"1.03 hours","18.24 hours",254320,Duskers
34.99,13.78,90.33,34.99,"39 min","47.99 hours",436670,"The Legend of Heroes: Trails in the Sky the 3rd"
28.02,13.78,80.44,28.95,"1.03 hours","18.94 hours",621830,"WRC 7"
28.02,13.78,82.65,28.95,"1.03 hours","4.14 hours",1097110,"Willy Morgan"
28.02,13.78,72.3,28.95,"1.03 hours","7.78 hours",1253190,"Warhammer 40,000: Dakka Squadron - Flyboyz Edition"
28.95,13.71,84.18,28.95,"54 min","17.66 hours",788100,"Neon Abyss"
37.25,13.71,91.44,63.95,"1.72 hours","30.16 hours",996580,"Spyro™ Reignited Trilogy"
36.33,13.71,91.46,59.95,"1.65 hours","72.58 hours",1158850,"The Great Ace Attorney Chronicles"
35.95,13.71,74.96,35.95,"37 min","2.11 hours",1178880,"Panzer Dragoon: Remake"
28.1,13.7,83.4,29.5,"1.05 hours","5.72 hours",960980,"Apsulov: End of Gods"
28.95,13.58,92.22,28.95,"53 min","39.28 hours",410320,"EARTH DEFENSE FORCE 4.1  The Shadow of New Despair"
28.95,13.58,91.66,28.95,"53 min","27.66 hours",1147560,"Skul: The Hero Slayer"
29.5,13.55,86.85,29.5,"51 min","6.32 hours",464060,RUINER
31.81,13.54,89.74,42.95,"1.35 hours","8.92 hours",448850,Overload
35.95,13.48,85.83,35.95,"36 min","6.09 hours",428660,"Deliver Us The Moon"
27.57,13.45,75.11,28.95,"1.05 hours","29.76 hours",464150,"Regalia: Of Men and Monarchs"
27.57,13.45,92.82,28.95,"1.05 hours","10.57 hours",860950,"Mark of the Ninja: Remastered"
28.95,13.44,85.99,28.95,"52 min","19.72 hours",462780,"Darksiders Warmastered Edition"
28.95,13.44,79.44,28.95,"52 min","21.13 hours",1078920,"Main Assembly"
27.99,13.39,86.71,27.99,"55 min","5.67 hours",651500,"My Memory of Us"
27.66,13.38,91.46,29.5,"1.07 hours","17.75 hours",248610,"Door Kickers"
41.95,13.35,84.91,41.95,"28 min","52.36 hours",699170,"Fell Seal: Arbiter's Mark"
29.55,13.33,89.42,35.95,"1.22 hours","14.97 hours",1093290,"The Wild at Heart"
39.95,13.32,79.29,39.95,"30 min","22.42 hours",1328660,"Need for Speed™ Hot Pursuit Remastered"
28.95,13.3,70.32,28.95,"51 min","6.24 hours",633360,"Remothered: Tormented Fathers"
29.5,13.26,91.98,29.5,"49 min","7.71 hours",237930,Transistor
29.5,13.26,91.5,29.5,"49 min","5.94 hours",331750,"WALL E"
29.5,13.26,75.92,29.5,"49 min","7.00 hours",383840,"Nimbatus - The Space Drone Constructor"
29.5,13.26,80.11,29.5,"49 min","2.40 hours",1544360,"LEGO® Builder's Journey"
29.99,13.17,81.91,29.99,"47 min","6.71 hours",369990,"Gremlins, Inc."
29.99,13.17,90.28,29.99,"47 min","9.30 hours",1084640,"Chicken Police"
28.95,13.16,75.58,28.95,"50 min","11.47 hours",612570,"Fort Triumph"
29.95,13.16,84.06,29.95,"47 min","10.86 hours",960910,"Heavy Rain"
29.95,13.16,78.4,29.95,"47 min","9.50 hours",2316580,"Tales of Kenzera™: ZAU"
41.95,13.02,73.59,41.95,"27 min","45.29 hours",686720,"SaGa SCARLET GRACE: AMBITIONS™"
28.95,13.01,61.76,28.95,"49 min","16.36 hours",537450,"ReCore: Definitive Edition"
28.95,13.01,82.62,28.95,"49 min","19.42 hours",1000010,"Crown Trick"
25.95,12.97,87.7,25.95,"60 min","52.34 hours",49520,"Borderlands 2"
29.5,12.96,79.48,29.5,"47 min","15.39 hours",535480,"Sundered: Eldritch Edition"
43.95,12.93,81.98,43.95,"25 min","57.87 hours",2478970,"Tomb Raider I-III Remastered Starring Lara Croft"
34.99,12.89,93.81,34.99,"35 min","68.43 hours",251290,"The Legend of Heroes: Trails in the Sky SC"
28.99,12.88,81.12,28.99,"48 min","8.04 hours",1227280,"Despot's Game: Dystopian Battle Simulator"
28.95,12.87,72.72,28.95,"48 min","13.65 hours",454410,"GIGA WRECKER"
28.95,12.87,81.86,28.95,"48 min","10.46 hours",532320,"de Blob"
43.73,12.86,91.36,43.73,"25 min","4.25 hours",898890,"Endling - Extinction is Forever"
32.58,12.86,74.24,49.95,"1.53 hours","62.55 hours",1091980,"The Bard's Tale IV: Director's Cut"
29.95,12.84,89.91,29.95,"45 min","26.41 hours",675010,MudRunner
29.95,12.84,76.44,29.95,"45 min","5.80 hours",1225570,"Unravel Two"
26.72,12.83,81.87,28.95,"1.08 hours","4.41 hours",26900,"Crayon Physics Deluxe"
26.72,12.83,71.18,28.95,"1.08 hours","9.48 hours",231330,"Deadfall Adventures"
26.72,12.83,87.16,28.95,"1.08 hours","7.26 hours",767930,"Assault Spy"
29.5,12.8,78.09,29.5,"46 min","6.47 hours",940910,Minoria
29.5,12.8,96.19,29.5,"46 min","5.08 hours",1307580,TOEM
39.95,12.71,74.95,39.95,"28 min","44.45 hours",952540,"Romancing SaGa 3™"
39.95,12.71,83.83,39.95,"28 min","15.46 hours",1522820,"Orcs Must Die! 3"
36.5,12.7,79.76,36.5,"32 min","24.82 hours",237850,"Dreamfall Chapters"
26.24,12.7,68.6,27.99,"1.07 hours","4.78 hours",904360,"Family Man"
29.5,12.64,87.57,29.5,"45 min","6.93 hours",856890,"JUSTICE SUCKS"
29.5,12.64,73.52,29.5,"45 min","34.02 hours",981750,Crystar
28.99,12.58,86.34,28.99,"46 min","13.36 hours",281640,"The Banner Saga 2"
27.96,12.57,78.65,27.96,"49 min","11.70 hours",339340,"Resident Evil 0"
28.95,12.56,80.59,28.95,"46 min","16.65 hours",606150,Moonlighter
29.99,12.52,83.75,29.99,"43 min","6.17 hours",522470,"The House of Da Vinci"
28.16,12.52,85.24,28.16,"48 min","9.90 hours",855740,"Bum Simulator"
29.95,12.5,86.03,29.95,"43 min","25.04 hours",313690,"LEGO® Batman™ 3: Beyond Gotham"
29.5,12.48,73.9,29.5,"44 min","4.03 hours",301860,Submerged
29.5,12.48,93.78,29.5,"44 min","23.43 hours",512900,"Streets of Rogue"
29.5,12.48,89.39,29.5,"44 min","0.00 hours",951240,Obenseuer
29.5,12.48,76.01,29.5,"44 min","10.09 hours",1435670,"Song of Farca"
32.18,12.46,89.19,50.95,"1.58 hours","32.13 hours",505230,"Pathologic 2"
33.5,12.41,78.82,56.95,"1.70 hours","58.79 hours",738540,"Tales of Vesperia: Definitive Edition"
26.43,12.39,79.96,29.95,"1.13 hours","21.98 hours",968790,"DYNASTY WARRIORS 7: Xtreme Legends Definitive Edition"
30.31,12.37,93.34,43.95,"1.45 hours","21.06 hours",257510,"The Talos Principle"
29.95,12.33,68.96,29.95,"42 min","13.35 hours",65930,"The Bureau: XCOM Declassified"
35.95,12.25,79.66,35.95,"31 min","24.95 hours",98200,"Frozen Synapse"
25.93,12.25,90.28,28.95,"1.12 hours","52.63 hours",368340,CrossCode
35.95,12.25,78.49,35.95,"31 min","52.31 hours",837610,"Mary Skelter: Nightmares"
25.46,12.22,77.92,27.58,"1.08 hours","23.29 hours",761830,"Mr. Prepper"
31.55,12.21,41.36,49.95,"1.58 hours","1.30 hours",1265720,"R.I.C.O. 2: London"
29.22,12.2,74.29,29.22,"43 min","8.72 hours",209540,"Strike Suit Zero"
26.85,12.2,82.0,32.22,"1.20 hours","16.70 hours",396900,"GRIP: Combat Racing"
43.95,12.18,83.1,43.95,"23 min","7.01 hours",511740,"Gal*Gun: Double Peace"
29.5,12.15,87.75,29.5,"42 min","75.42 hours",704450,"Neverwinter Nights: Enhanced Edition"
29.5,12.15,86.99,29.5,"42 min","35.89 hours",1196630,"Nexomon: Extinction"
30.94,12.13,48.94,47.95,"1.55 hours","12.25 hours",254370,"Aquanox Deep Descent"
28.95,12.09,85.18,28.95,"43 min","15.35 hours",1062140,"Garden Story"
44.99,12.07,74.97,44.99,"22 min","25.32 hours",1175830,"Legend of Mana"
44.94,12.06,86.19,44.94,"22 min","5.37 hours",742300,"Mega Man 11"
26.5,12.05,63.72,26.5,"50 min","9.62 hours",1570070,"Beholder 3"
25.54,11.97,83.51,28.95,"1.13 hours","9.13 hours",592480,"Knights and Bikes"
29.63,11.93,85.14,43.95,"1.48 hours","28.75 hours",251110,INFRA
25.65,11.93,89.4,29.5,"1.15 hours","7.30 hours",1889740,"Paper Trail"
28.95,11.92,90.12,28.95,"42 min","6.56 hours",785790,"WHAT THE GOLF?"
28.95,11.92,68.73,28.95,"42 min","8.49 hours",1307690,"The Darkest Tales"
25.67,11.85,86.09,29.95,"1.17 hours","69.75 hours",560130,"Pillars of Eternity II: Deadfire"
25.67,11.85,85.84,29.95,"1.17 hours","10.13 hours",959000,"Edna & Harvey: The Breakout - Anniversary Edition"
26.98,11.85,76.28,26.98,"47 min","11.52 hours",1119600,"Help Will Come Tomorrow"
29.99,11.81,85.19,29.99,"39 min","39.98 hours",1244800,Terraformers
29.5,11.8,89.39,29.5,"40 min","14.10 hours",1160220,"Paradise Killer"
29.95,11.8,62.14,29.95,"39 min","15.50 hours",1238080,"Burnout™ Paradise Remastered"
38.99,11.79,82.47,38.99,"26 min","8.09 hours",510540,"Long Gone Days"
29.64,11.78,88.75,44.95,"1.52 hours","25.66 hours",578330,"LEGO® City Undercover"
28.95,11.75,86.89,28.95,"41 min","12.42 hours",1154810,"Going Under"
25.29,11.67,92.68,29.5,"1.17 hours","8.41 hours",57300,"Amnesia: The Dark Descent"
25.29,11.67,84.3,29.5,"1.17 hours","13.67 hours",1095120,"Helheim Hassle"
25.29,11.67,78.66,29.5,"1.17 hours","5.00 hours",1815230,"Summum Aeterna"
29.5,11.62,90.36,29.5,"39 min","4.87 hours",1608230,"Planet of Lana"
24.99,11.6,89.78,24.99,"52 min","10.58 hours",1203710,UnMetal
28.95,11.58,84.18,28.95,"40 min","15.07 hours",563190,"de Blob 2"
49.95,11.53,93.0,49.95,"18 min","28.43 hours",825630,"STEINS;GATE 0"
37.95,11.47,80.79,37.95,"26 min","6.08 hours",1939970,"Nobody Wants to Die"
29.5,11.44,92.29,29.5,"38 min","8.17 hours",1359980,"POSTAL: Brain Damaged"
24.93,11.42,60.29,29.5,"1.18 hours","14.65 hours",446790,Diluvion
39.95,11.41,78.98,39.95,"24 min","43.99 hours",1238040,"Dragon Age II: Ultimate Edition"
28.95,11.4,73.19,28.95,"39 min","42.24 hours",246760,"Legends of Eisenwald"
28.95,11.4,85.09,28.95,"39 min","5.17 hours",1048740,"Half Past Fate"
24.95,11.34,88.96,24.95,"50 min","11.21 hours",18040,DeathSpank
26.66,11.34,90.08,35.99,"1.35 hours","8.20 hours",274500,"Brigador: Up-Armored Edition"
38.29,11.26,70.7,38.29,"25 min","5.90 hours",757300,Truberbrook
29.5,11.25,76.86,29.5,"37 min","38.07 hours",622720,"Weedcraft Inc"
44.95,11.24,66.47,44.95,"20 min","13.06 hours",1110910,"Mortal Shell"
28.95,11.23,77.3,28.95,"38 min","8.19 hours",674500,"Total Tank Simulator"
28.95,11.23,75.78,28.95,"38 min","19.09 hours",787810,"Rogue Heroes: Ruins of Tasos"
28.95,11.23,88.29,28.95,"38 min","12.26 hours",998740,"Ring of Pain"
28.95,11.23,71.53,28.95,"38 min","7.08 hours",1472560,"I Am Fish"
29.95,11.23,76.3,29.95,"36 min","9.15 hours",1843540,Akimbot
22.61,11.21,85.55,22.99,"1.02 hours","19.14 hours",537800,"Bomber Crew"
27.96,11.18,92.72,27.96,"40 min","17.90 hours",254700,"Resident Evil 4 (2005)"
28.69,11.18,90.65,44.95,"1.57 hours","7.33 hours",1164940,Trepang2
24.58,11.17,66.86,29.5,"1.20 hours","3.81 hours",962630,"Transient: Extended Edition"
37.74,11.16,33.95,89.95,"2.38 hours","18.82 hours",714370,"LEFT ALIVE™"
35.95,11.16,76.35,35.95,"27 min","6.84 hours",1075170,"Weaving Tides"
22.5,11.16,83.91,22.5,"59 min","16.87 hours",1330470,"F.I.S.T.: Forged In Shadow Torch"
39.95,11.07,84.11,39.95,"23 min","74.48 hours",47810,"Dragon Age: Origins - Ultimate Edition"
28.99,11.06,86.86,28.99,"37 min","12.27 hours",237990,"The Banner Saga"
28.95,11.04,85.93,28.95,"37 min","23.41 hours",595140,"Immortal Redneck"
28.95,11.04,82.03,28.95,"37 min","10.04 hours",623640,Mulaka
24.99,10.98,89.4,24.99,"47 min","16.52 hours",207350,"Ys Origin"
24.13,10.97,77.56,28.95,"1.20 hours","27.74 hours",718670,"Cultist Simulator"
24.25,10.94,90.17,29.5,"1.22 hours","52.98 hours",228280,"Baldur's Gate: Enhanced Edition"
24.25,10.94,86.79,29.5,"1.22 hours","23.85 hours",544390,"NITE Team 4"
33.6,10.9,73.19,69.99,"2.08 hours","39.36 hours",819020,"Zanki Zero: Last Beginning"
23.95,10.89,73.02,23.95,"50 min","53.41 hours",340490,Subterrain
33.58,10.89,77.88,69.95,"2.08 hours","54.33 hours",351970,"Tales of Zestiria"
31.55,10.88,82.37,59.95,"1.90 hours","7.30 hours",952060,"Resident Evil 3"
28.5,10.87,87.6,28.5,"37 min","11.44 hours",534550,"Guacamelee! 2"
29.5,10.87,86.02,29.5,"35 min","15.74 hours",1046400,"Astalon: Tears of the Earth"
29.5,10.87,83.53,29.5,"35 min","5.77 hours",1319460,"Fashion Police Squad"
29.5,10.87,86.81,29.5,"35 min","7.22 hours",1360390,"Cats and the Other Lives"
29.5,10.87,94.38,29.5,"35 min","3.83 hours",1876590,"I Am Your Beast"
28.95,10.86,92.55,28.95,"36 min","9.45 hours",571310,"SteamWorld Dig 2"
34.19,10.85,78.26,73.5,"2.15 hours","7.01 hours",1425730,"Gal*Gun Returns"
29.95,10.83,90.2,29.95,"34 min","13.60 hours",201810,"Wolfenstein: The New Order"
24.95,10.83,84.89,24.95,"46 min","14.84 hours",893180,"Catherine Classic"
21.95,10.79,78.41,21.95,"58 min","25.02 hours",1148650,"The Legend of Bum-Bo"
36.15,10.79,76.47,84.95,"2.35 hours","16.26 hours",1324340,"Made in Abyss: Binary Star Falling into Darkness"
23.95,10.77,85.63,23.95,"49 min","8.19 hours",542050,"Forgotton Anne"
21.5,10.75,53.48,21.5,"60 min","8.87 hours",209750,"Cannon Fodder 3"
36.5,10.74,72.51,36.5,"25 min","78.52 hours",1989070,Synergy
23.79,10.73,78.02,28.95,"1.22 hours","9.70 hours",1000760,Foregone
21.59,10.71,82.77,21.95,"1.02 hours","11.55 hours",917840,"Wintermoor Tactics Club"
28.95,10.67,70.17,28.95,"35 min","17.96 hours",246110,"MASSIVE CHALICE"
28.95,10.67,80.27,28.95,"35 min","4.23 hours",596000,"The Shattering"
29.5,10.67,90.17,29.5,"34 min","29.70 hours",716490,EXAPUNKS
28.95,10.67,79.44,28.95,"35 min","13.52 hours",733790,"Not Tonight"
28.95,10.67,86.81,28.95,"35 min","11.93 hours",1272160,"The Life and Suffering of Sir Brante"
23.97,10.65,89.66,29.96,"1.25 hours","8.21 hours",1466640,"Road 96"
26.99,10.63,65.89,26.99,"39 min","14.20 hours",606500,HellSign
29.95,10.63,87.56,29.95,"33 min","7.46 hours",1225560,Unravel
29.69,10.61,70.55,53.45,"1.80 hours","15.35 hours",1660840,"Wild Bastards"
35.95,10.57,77.75,35.95,"25 min","10.32 hours",231200,"Kentucky Route Zero"
21.5,10.57,95.06,21.5,"58 min","8.26 hours",362680,"Fran Bow"
35.95,10.57,70.67,35.95,"25 min","8.59 hours",1140890,"Morbid: The Seven Acolytes"
24.95,10.56,83.84,24.95,"44 min","6.05 hours",1272580,"Nine Witches: Family Disruption"
22.49,10.55,79.78,22.49,"53 min","7.74 hours",1003090,"Through The Darkest of Times"
21.5,10.47,84.5,21.5,"57 min","5.27 hours",353700,"The Deadly Tower of Monsters"
32.79,10.46,83.87,69.95,"2.13 hours","86.06 hours",525480,".hack//G.U. Last Recode"
30.76,10.43,86.91,59.99,"1.95 hours","8.11 hours",501590,"Bulletstorm: Full Clip Edition"
22.95,10.43,86.99,22.95,"50 min","4.19 hours",1272840,Dordogne
23.99,10.41,82.01,23.99,"46 min","11.49 hours",529660,"Mages of Mystralia"
36.22,10.4,80.09,89.95,"2.48 hours","63.57 hours",368260,"Marvel's Midnight Suns"
21.5,10.38,78.18,21.5,"56 min","9.30 hours",465280,"Yesterday Origins"
21.5,10.38,76.46,21.5,"56 min","11.62 hours",1164690,Wigmund
21.5,10.38,63.38,21.5,"56 min","11.50 hours",1253710,Garbage
22.95,10.32,66.03,22.95,"49 min","13.95 hours",1229460,"Dice Legacy"
22.95,10.32,87.96,22.95,"49 min","6.05 hours",1364100,Lacuna
28.95,10.27,93.8,28.95,"33 min","38.33 hours",413420,"Danganronpa 2: Goodbye Despair"
28.95,10.27,89.93,28.95,"33 min","3.46 hours",714120,"Little Misfortune"
35.95,10.27,80.54,35.95,"24 min","19.44 hours",774201,"Heaven's Vault"
28.95,10.27,74.64,28.95,"33 min","11.05 hours",946030,"Axiom Verge 2"
35.95,10.27,79.05,35.95,"24 min","22.06 hours",954650,"Druidstone: The Secret of the Menhir Forest"
28.95,10.27,72.67,28.95,"33 min","9.71 hours",979480,"Born Punk"
24.95,10.27,72.56,24.95,"42 min","7.08 hours",1149710,"Tesla Force"
29.5,10.26,86.87,29.5,"32 min","18.02 hours",416600,"Full Metal Furies"
29.5,10.26,75.17,29.5,"32 min","7.42 hours",610860,"Shogo: Mobile Armor Division"
27.74,10.22,71.69,27.74,"35 min","22.51 hours",691690,"Ash of Gods: Redemption"
29.95,10.2,87.39,29.95,"31 min","18.04 hours",21000,"LEGO® Batman™: The Videogame"
20.9,10.2,82.05,21.95,"1.05 hours","0.00 hours",1663650,"Knife To Meet You"
21.5,10.18,88.55,21.5,"54 min","5.21 hours",378610,Valley
47.95,10.09,91.63,47.95,"16 min","12.12 hours",969990,"SpongeBob SquarePants: Battle for Bikini Bottom - Rehydrated"
21.5,10.08,81.73,21.5,"53 min","6.74 hours",640120,Youropa
28.95,10.07,87.83,28.95,"32 min","11.19 hours",296970,"Renowned Explorers: International Society"
28.95,10.07,75.85,28.95,"32 min","10.39 hours",736810,"The Raven Remastered"
28.95,10.07,93.38,28.95,"32 min","6.08 hours",1172450,Carto
29.5,10.05,91.55,29.5,"31 min","60.47 hours",39510,"Gothic II: Gold Classic"
29.5,10.05,68.47,29.5,"31 min","4.61 hours",239200,"Amnesia: A Machine for Pigs"
29.5,10.05,77.53,29.5,"31 min","13.49 hours",1127840,"Landlord's Super"
29.5,10.05,78.09,29.5,"31 min","3.09 hours",1175190,"Natsuki Chronicles"
29.5,10.05,88.86,29.5,"31 min","11.07 hours",1781260,Promenade
31.38,10.02,84.46,66.95,"2.13 hours","59.65 hours",1413480,"Shin Megami Tensei III Nocturne HD Remaster"
22.49,10.0,91.45,22.49,"48 min","11.53 hours",554620,"Life is Strange: Before the Storm"
20.48,9.99,76.22,21.5,"1.05 hours","19.65 hours",326840,Heart&Slash
26.3,9.99,94.87,42.95,"1.63 hours","36.05 hours",412830,STEINS;GATE
21.5,9.98,65.95,21.5,"52 min","15.38 hours",464100,"Codex of Victory"
21.5,9.98,67.24,21.5,"52 min",,1266890,"Tactical Troops: Anthracite Shift"
35.95,9.96,87.51,35.95,"23 min","14.10 hours",512790,"Quern - Undying Thoughts"
29.24,9.96,80.68,29.24,"31 min","13.25 hours",837880,"You Suck at Parking® - Complete Edition"
21.51,9.93,94.63,25.1,"1.17 hours","3.53 hours",1337010,"Alba: A Wildlife Adventure"
22.56,9.88,70.39,28.95,"1.28 hours","53.44 hours",57740,"Jagged Alliance - Back in Action"
28.95,9.86,85.32,28.95,"31 min","11.54 hours",404680,Hob
28.95,9.86,85.72,28.95,"31 min","9.62 hours",914020,"Gibbous - A Cthulhu Adventure"
37.99,9.85,73.12,37.99,"21 min","10.11 hours",1337920,"Serial Cleaners"
22.95,9.84,86.56,22.95,"45 min","24.37 hours",48190,"Assassin's Creed Brotherhood"
29.5,9.83,86.18,29.5,"30 min","4.67 hours",1365720,Kujlevka
20.55,9.78,89.64,22.6,"1.10 hours","3.40 hours",278360,"A Story About My Uncle"
21.5,9.77,90.47,21.5,"50 min","5.75 hours",26800,Braid
21.5,9.77,86.11,21.5,"50 min","10.86 hours",431240,"Golf With Your Friends"
27.5,9.76,84.05,49.95,"1.82 hours","20.58 hours",288470,"Fable Anniversary"
29.95,9.76,79.89,29.95,"29 min","3.69 hours",1225590,"Sea of Solitude"
25.95,9.73,87.42,25.95,"36 min","20.92 hours",283640,"Salt and Sanctuary"
20.26,9.73,96.04,21.95,"1.08 hours","41.57 hours",367520,"Hollow Knight"
22.27,9.68,62.13,28.95,"1.30 hours","0.78 hours",656700,RICO
22.27,9.68,83.0,28.95,"1.30 hours","9.23 hours",1037130,"Dandy Ace"
31.99,9.67,52.06,31.99,"26 min","7.14 hours",869880,"Cyanide & Happiness - Freakpocalypse (Episode 1)"
21.5,9.67,92.14,21.5,"49 min","10.47 hours",914710,"Cat Quest II"
23.86,9.67,87.19,34.99,"1.47 hours","23.13 hours",1587130,"Blood West"
28.95,9.65,74.82,28.95,"30 min","80.04 hours",638650,"Sword Art Online Re: Hollow Fragment"
50.95,9.64,70.88,50.95,"14 min","23.12 hours",628670,Hellpoint
26.18,9.64,80.46,44.95,"1.72 hours","13.00 hours",1457080,"The Mageseeker: A League of Legends Story™"
29.5,9.61,92.83,29.5,"29 min","10.48 hours",866800,"The Walking Dead: The Final Season"
29.5,9.61,86.72,29.5,"29 min","14.66 hours",1286990,"CONSCRIPT: Director's Cut"
26.95,9.56,83.93,26.95,"33 min","8.84 hours",233290,"MURDERED: SOUL SUSPECT™"
25.95,9.56,91.83,25.95,"35 min","4.19 hours",966320,"Later Alligator"
29.95,9.53,86.86,29.95,"28 min","11.14 hours",220740,"Chaos on Deponia"
19.85,9.53,93.15,21.5,"1.08 hours","3.27 hours",609320,"FAR: Lone Sails"
19.95,9.5,84.63,21.95,"1.10 hours","8.25 hours",275180,"Costume Quest 2"
42.95,9.48,86.21,42.95,"17 min","22.96 hours",279940,"The Book of Unwritten Tales 2"
20.53,9.47,73.39,23.95,"1.17 hours","37.56 hours",409850,"Criminal Girls: Invite Only"
29.01,9.46,77.28,59.95,"2.07 hours","37.14 hours",536270,"Ancestors: The Humankind Odyssey "
22.95,9.45,74.47,22.95,"42 min","9.09 hours",446020,Jalopy
21.5,9.44,87.91,21.5,"47 min","14.42 hours",113020,Monaco
21.5,9.44,95.46,21.5,"47 min","22.75 hours",736260,"Baba Is You"
21.5,9.44,90.43,21.5,"47 min","8.28 hours",1347780,"Freedom Fighters"
28.95,9.43,91.45,28.95,"29 min","4.07 hours",1135690,Unpacking
21.7,9.42,70.41,21.7,"46 min","0.00 hours",1293300,"Space Cats Tactics"
21.95,9.41,93.46,21.95,"45 min","8.70 hours",611760,"Don't Escape: 4 Days to Survive"
21.95,9.41,75.63,21.95,"45 min","14.56 hours",837460,"Batbarian: Testament of the Primordials"
34.16,9.4,67.9,89.95,"2.63 hours","17.66 hours",2009100,"Immortals of Aveum™"
20.5,9.32,93.59,20.5,"50 min","50.61 hours",516750,"My Summer Car"
19.55,9.31,91.32,21.5,"1.10 hours","10.63 hours",336140,Unavowed
49.16,9.3,83.91,49.16,"14 min","10.82 hours",1146310,"Beyond a Steel Sky"
21.85,9.3,93.82,29.5,"1.35 hours","6.24 hours",1269640,"Beacon Pines"
24.46,9.29,91.29,39.95,"1.63 hours","26.50 hours",17460,"Mass Effect (2007)"
29.95,9.29,89.86,29.95,"27 min","11.81 hours",287390,"Metro: Last Light Redux"
21.95,9.29,87.32,21.95,"44 min","6.13 hours",689900,"Darkestville Castle"
26.15,9.23,89.81,47.95,"1.83 hours","10.20 hours",803330,"Destroy All Humans!"
21.5,9.21,93.11,21.5,"45 min","6.42 hours",35700,Trine
28.95,9.21,82.68,28.95,"28 min","59.30 hours",372360,"Tales of Symphonia"
28.95,9.21,89.44,28.95,"28 min","12.42 hours",569860,"Thimbleweed Park"
33.73,9.2,85.62,89.95,"2.67 hours","63.92 hours",1091500,"Cyberpunk 2077"
29.5,9.16,91.28,29.5,"27 min","42.22 hours",466300,"Planescape: Torment: Enhanced Edition"
29.5,9.16,91.08,29.5,"27 min","12.13 hours",894020,"Death's Door"
18.95,9.15,93.12,18.95,"56 min","3.70 hours",572890,Pikuniku
23.95,9.14,68.27,23.95,"37 min","57.62 hours",609150,"STAR OCEAN™ - THE LAST HOPE™ - 4K & Full HD Remaster"
21.5,9.1,80.93,21.5,"44 min","14.29 hours",250400,"How to Survive"
21.5,9.1,80.78,21.5,"44 min","14.06 hours",252030,"Valdis Story: Abyssal City"
19.37,9.08,92.06,21.95,"1.13 hours","6.91 hours",2084000,"Shogun Showdown"
29.99,9.07,86.76,29.99,"26 min","19.11 hours",920320,"Virgo Versus the Zodiac"
26.29,9.07,83.68,49.95,"1.90 hours","7.47 hours",1238860,"Battlefield 4™ "
25.21,9.06,73.94,44.95,"1.78 hours","26.65 hours",644830,"The Surge 2"
29.95,9.05,86.11,29.95,"26 min","13.32 hours",230820,"The Night of the Rabbit"
28.95,8.98,80.67,28.95,"27 min","29.41 hours",361230,"Super Daryl Deluxe"
23.95,8.98,77.76,23.95,"36 min","6.85 hours",573130,"Aporia: Beyond The Valley"
18.95,8.98,64.62,18.95,"54 min","0.00 hours",1145330,"Skeleton Crew"
26.95,8.98,84.85,26.95,"30 min","3.25 hours",1910320,"TAPE: Unveil the Memories"
19.95,8.97,96.21,19.95,"49 min","100.94 hours",960090,"Bloons TD 6"
21.18,8.95,69.76,28.95,"1.37 hours","8.75 hours",871530,"Radio Commander"
29.5,8.92,94.0,29.5,"26 min","21.26 hours",558990,"Opus Magnum"
29.5,8.92,75.42,29.5,"26 min","11.19 hours",572430,"Party Hard 2 "
29.5,8.92,71.71,29.5,"26 min","3.35 hours",770390,Draugen
29.5,8.92,88.08,29.5,"26 min","0.00 hours",1235110,"Rising Star 2"
21.95,8.91,88.48,21.95,"41 min","13.06 hours",108710,"Alan Wake"
21.39,8.91,92.01,29.95,"1.40 hours","11.13 hours",330830,"Tales from the Borderlands"
21.95,8.91,70.86,21.95,"41 min","13.70 hours",871420,"Lovecraft's Untold Stories"
21.39,8.91,79.84,29.95,"1.40 hours","12.18 hours",1279310,"RESEARCH and DESTROY"
49.95,8.9,70.82,49.95,"13 min","8.18 hours",1238820,"Battlefield 3™ "
20.0,8.89,85.45,20.0,"48 min","2.31 hours",779590,"Scavenger SV-4"
27.95,8.89,88.11,27.95,"28 min","4.14 hours",969760,Omno
19.09,8.88,75.72,21.95,"1.15 hours","2.20 hours",232430,"Gone Home"
19.68,8.88,76.03,23.95,"1.22 hours","20.22 hours",505170,"Carmageddon: Max Damage"
19.09,8.88,80.26,21.95,"1.15 hours","3.12 hours",1129540,"Orc Massage"
23.06,8.87,63.55,36.9,"1.60 hours","10.56 hours",874460,"Achtung! Cthulhu Tactics"
18.45,8.86,84.33,19.99,"1.08 hours","7.04 hours",204630,"Retro City Rampage™ DX"
18.45,8.86,81.56,19.99,"1.08 hours","2.04 hours",565120,"The Station"
21.5,8.85,91.13,21.5,"42 min","10.22 hours",400630,"Wuppo - Definitive Edition"
21.5,8.85,70.01,21.5,"42 min","20.33 hours",489260,Brut@l
18.99,8.82,90.62,18.99,"52 min","9.13 hours",361280,Turmoil
29.99,8.82,86.96,29.99,"25 min","7.37 hours",1259840,"The House of Da Vinci 2"
34.0,8.81,62.01,34.0,"21 min","6.13 hours",319910,"Trine 3: The Artifacts of Power"
29.95,8.81,87.46,29.95,"25 min","4.49 hours",1654660,"En Garde!"
29.95,8.81,81.04,29.95,"25 min","5.61 hours",1702430,"Vlad Circus: Descend Into Madness"
43.97,8.79,56.78,43.97,"15 min",,2306740,"METAL GEAR SOLID: MASTER COLLECTION Vol.1 BONUS CONTENT"
20.93,8.78,82.62,28.95,"1.38 hours","11.84 hours",261510,"Tesla Effect"
20.93,8.78,76.38,28.95,"1.38 hours","30.27 hours",978520,"Legend of Keepers"
21.95,8.78,77.95,21.95,"40 min","3.80 hours",2632930,"Life Eater"
18.5,8.76,95.47,18.5,"54 min","5.30 hours",1240210,"There Is No Game: Wrong Dimension"
28.95,8.75,88.39,28.95,"26 min","18.52 hours",209000,"Batman™: Arkham Origins"
28.95,8.75,89.98,28.95,"26 min","15.28 hours",382560,"Hot Lava"
21.5,8.73,76.54,21.5,"41 min","6.00 hours",433400,Kim
21.5,8.73,79.85,21.5,"41 min","8.72 hours",1173200,"Metal Unit"
22.45,8.71,72.62,22.45,"38 min","42.15 hours",249230,"Risen 3 - Titan Lords"
18.95,8.71,91.15,18.95,"51 min","5.21 hours",1179210,"Kill It With Fire"
18.81,8.68,95.22,21.95,"1.17 hours","8.77 hours",274190,Broforce
18.81,8.68,78.34,21.95,"1.17 hours","10.47 hours",621930,"Attack of the Earthlings"
24.95,8.68,82.81,24.95,"32 min","9.77 hours",790850,"Undead Horde"
29.5,8.68,84.72,29.5,"25 min",,1433340,"Happy's Humble Burger Farm"
27.95,8.67,74.47,27.95,"27 min",,1587570,"Completely Stretchy"
17.95,8.67,93.04,17.95,"56 min","2.48 hours",1665190,"Monster Prom 3: Monster Roadtrip"
36.05,8.67,71.05,36.05,"19 min","14.97 hours",2023360,"The Last Case of Benedict Fox"
21.95,8.65,91.08,21.95,"39 min","2.40 hours",447150,"APE OUT"
20.6,8.64,88.23,28.5,"1.38 hours","11.72 hours",243970,"Invisible, Inc."
26.5,8.63,85.23,26.5,"29 min","13.35 hours",2272400,"Station to Station"
17.77,8.6,57.31,18.95,"1.07 hours","7.03 hours",1297430,"Deadly Dozen Reloaded"
20.9,8.59,77.62,29.95,"1.43 hours","9.22 hours",399810,"Call of Cthulhu"
42.95,8.59,86.49,42.95,"15 min","12.60 hours",690640,"Trine 4: The Nightmare Prince"
28.99,8.53,94.77,28.99,"25 min","8.76 hours",519860,DUSK
28.95,8.51,93.03,28.95,"25 min","13.82 hours",35720,"Trine 2"
21.95,8.51,75.56,21.95,"38 min","9.10 hours",331690,"Crossing Souls"
18.43,8.51,87.06,21.5,"1.17 hours","4.72 hours",1531490,"Harmony's Odyssey"
21.5,8.47,91.79,21.5,"39 min","4.85 hours",1361230,"Cleo - a pirate's tale"
20.44,8.46,43.35,28.95,"1.42 hours","9.73 hours",267490,"Batman™: Arkham Origins Blackgate - Deluxe Edition"
20.58,8.46,73.95,29.5,"1.43 hours","3.85 hours",875310,LIBERATED
22.42,8.46,89.24,36.99,"1.65 hours","30.81 hours",1138660,"Black Book"
17.18,8.45,83.91,17.75,"1.03 hours","129.00 hours",1054510,"Survivalist: Invisible Strain"
29.5,8.43,62.23,29.5,"24 min","5.84 hours",32500,"STAR WARS™: The Force Unleashed™ II"
26.5,8.43,81.99,26.5,"28 min","9.65 hours",1205900,"Alwa's Legacy"
29.5,8.43,74.98,29.5,"24 min","6.00 hours",1336380,Gripper
18.95,8.42,73.04,18.95,"48 min","5.08 hours",400180,"Okhlos: Omega"
18.95,8.42,69.87,18.95,"48 min","9.21 hours",635200,Distrust
18.95,8.42,92.11,18.95,"48 min","5.59 hours",914800,"Coffee Talk"
39.95,8.41,82.48,39.95,"16 min","6.36 hours",735580,"11-11 Memories Retold"
26.9,8.35,81.7,26.9,"27 min","5.19 hours",1050370,LUNARK
21.5,8.34,89.82,21.5,"38 min","7.76 hours",255390,"Max: The Curse of Brotherhood"
21.5,8.34,74.18,21.5,"38 min","11.33 hours",318600,"The Flame in the Flood"
21.5,8.34,79.93,21.5,"38 min","6.48 hours",365160,Kona
21.25,8.33,76.73,32.93,"1.55 hours","10.72 hours",1416230,"Panzer Knights"
49.99,8.33,75.71,49.99,"12 min","27.58 hours",1731070,"Asterigos: Curse of the Stars"
18.17,8.32,80.45,21.5,"1.18 hours","3.72 hours",650220,"Interplanetary: Enhanced Edition"
43.95,8.31,90.65,43.95,"14 min","30.09 hours",353540,"Stephen's Sausage Roll"
22.95,8.3,93.5,22.95,"34 min","7.28 hours",260230,"Valiant Hearts: The Great War™ / Soldats Inconnus : Mémoires de la Grande Guerre™"
28.95,8.27,90.77,28.95,"24 min","10.14 hours",257850,"Hyper Light Drifter"
28.95,8.27,91.24,28.95,"24 min","10.71 hours",530320,Wandersong
28.95,8.27,53.59,28.95,"24 min","10.56 hours",930280,"Murder Mystery Machine"
28.95,8.27,83.71,28.95,"24 min","4.08 hours",1324530,"Warhammer 40,000: Shootas, Blood & Teef"
28.95,8.27,92.39,28.95,"24 min","12.64 hours",1522870,"Supraland Six Inches Under"
28.95,8.27,73.36,28.95,"24 min","9.30 hours",1600370,"Not Tonight 2"
21.95,8.23,91.63,21.95,"36 min","9.11 hours",1045720,"The Coma 2: Vicious Sisters"
18.5,8.22,82.69,18.5,"48 min","4.50 hours",761910,Worbital
29.5,8.17,83.28,29.5,"23 min","6.65 hours",274270,"NOT A HERO"
29.5,8.17,58.25,29.5,"23 min","5.07 hours",291690,"Empathy: Path of Whispers"
29.5,8.17,74.23,29.5,"23 min","6.49 hours",301840,"City Of Brass"
29.5,8.17,87.83,29.5,"23 min","13.76 hours",462770,Pyre
23.5,8.17,75.2,23.5,"32 min","4.54 hours",992730,Neckbreak
29.5,8.17,40.89,29.5,"23 min","5.73 hours",1401400,"Lovecraft's Untold Stories 2"
22.61,8.17,85.92,39.95,"1.77 hours","15.89 hours",1462570,"Lost in Random™"
23.95,8.16,81.49,23.95,"31 min","12.35 hours",1390700,"The Crackpet Show"
17.92,8.14,82.6,21.5,"1.20 hours","7.75 hours",16450,"F.E.A.R. 2: Project Origin"
18.04,8.14,69.61,21.95,"1.22 hours","30.50 hours",636320,"Depth of Extinction"
21.5,8.06,66.12,21.5,"36 min","0.00 hours",595770,"AirMech Wastelands"
29.95,8.04,75.51,29.95,"22 min","15.67 hours",314810,"Randal's Monday"
23.45,8.04,84.21,44.95,"1.92 hours","10.79 hours",973810,"Journey To The Savage Planet"
30.99,8.03,70.35,30.99,"21 min","8.64 hours",209630,"Magrunner: Dark Pulse"
28.95,8.02,94.74,28.95,"23 min","26.07 hours",242760,"The Forest"
28.95,8.02,83.88,28.95,"23 min","3.55 hours",635320,"Last Day of June"
28.95,8.02,74.69,28.95,"23 min","12.51 hours",668550,"8Doors: Arum's Afterlife Adventure"
28.95,8.02,45.7,28.95,"23 min","10.02 hours",936490,"Counter Terrorist Agency"
28.95,8.02,78.66,28.95,"23 min","12.50 hours",1220150,"Blue Fire"
28.95,8.02,62.6,28.95,"23 min","6.60 hours",1535780,"Imp of the Sun"
19.89,8.01,72.92,29.5,"1.48 hours","19.11 hours",307670,"Hard West"
22.99,8.0,84.33,22.99,"32 min","78.78 hours",405900,"Disgaea PC"
27.99,8.0,74.96,27.99,"24 min","10.49 hours",976500,Venineth
26.26,8.0,61.15,59.95,"2.28 hours","42.88 hours",1135300,"King's Bounty II"
27.97,7.99,92.6,27.97,"24 min","58.79 hours",602960,Barotrauma
17.8,7.97,96.3,21.95,"1.23 hours","5.47 hours",460950,"Katana ZERO"
21.95,7.94,81.75,21.95,"34 min","7.95 hours",536220,"The Walking Dead: A New Frontier"
19.72,7.94,79.77,29.25,"1.48 hours","3.25 hours",608660,Psebay
21.95,7.94,80.47,21.95,"34 min","14.15 hours",684270,"Silicon Zeroes"
24.95,7.94,78.32,24.95,"28 min","5.45 hours",725270,Necrobarista
21.95,7.94,65.73,21.95,"34 min","6.50 hours",1363210,"Live by the Sword: Tactics"
23.25,7.93,78.07,44.95,"1.93 hours","15.62 hours",1532690,BLACKTAIL
21.5,7.92,87.63,21.5,"35 min","8.45 hours",322110,20XX
21.5,7.92,74.47,21.5,"35 min","20.41 hours",618970,"Outcast - Second Contact"
27.72,7.92,60.0,27.72,"24 min","11.02 hours",1044980,"Mech Mechanic Simulator"
29.5,7.91,84.44,29.5,"22 min","7.04 hours",1574310,"OXENFREE II: Lost Signals"
20.99,7.87,81.02,20.99,"36 min","5.00 hours",327880,"Sublevel Zero Redux"
22.93,7.86,47.72,43.95,"1.92 hours","43.75 hours",386280,"Vendetta - Curse of Raven's Cry"
22.93,7.86,80.41,43.95,"1.92 hours","7.93 hours",851890,"Gal*Gun 2"
22.99,7.83,82.58,22.99,"31 min","17.02 hours",1658290,"Eiyuden Chronicle: Rising"
20.5,7.82,82.66,20.5,"37 min","13.27 hours",573320,Underhero
23.95,7.8,73.63,23.95,"29 min","8.63 hours",425210,Shadwen
17.56,7.8,69.9,21.95,"1.25 hours","7.43 hours",442780,"STRAFE: Gold Edition"
21.95,7.79,85.35,21.95,"33 min","3.48 hours",331480,Pinstripe
21.5,7.78,79.82,21.5,"34 min","0.00 hours",780390,"Space Bob vs. The Replicons"
28.95,7.77,72.09,28.95,"22 min","4.46 hours",371300,"Knee Deep"
29.95,7.76,81.36,29.95,"21 min","27.78 hours",1123770,"Curse of the Dead Gods"
27.95,7.75,80.87,27.95,"23 min","16.97 hours",355790,"Styx: Shards of Darkness"
19.06,7.73,76.3,27.96,"1.47 hours","20.98 hours",743890,"Mega Man X Legacy Collection"
22.86,7.7,96.72,44.95,"1.97 hours","105.46 hours",294100,RimWorld
18.95,7.69,75.55,18.95,"41 min","3.33 hours",327890,"I Am Bread"
20.44,7.67,81.42,20.44,"36 min","11.22 hours",232790,"Broken Age"
29.5,7.65,90.29,29.5,"21 min","30.55 hours",65540,"Gothic 1 Classic"
29.5,7.65,80.11,29.5,"21 min","10.79 hours",218740,"Pid "
29.5,7.65,83.24,29.5,"21 min","14.17 hours",273580,"Descent 2"
22.95,7.65,61.77,22.95,"30 min","17.32 hours",492230,"Space Hulk: Tactics"
29.5,7.65,90.25,29.5,"21 min","14.33 hours",764790,"The Messenger"
17.33,7.65,83.27,21.95,"1.27 hours","6.74 hours",890720,"In Other Waters"
17.33,7.65,85.32,21.95,"1.27 hours","5.18 hours",1297330,Olija
17.33,7.65,91.64,21.95,"1.27 hours","3.18 hours",2275150,"SLUDGE LIFE 2"
58.5,7.63,94.01,58.5,"9 min","31.89 hours",610370,"Desperados III"
21.5,7.63,85.95,21.5,"33 min","10.07 hours",1235830,"Dark Water : Slime Invader"
18.49,7.61,66.6,18.49,"42 min","2.99 hours",1003120,HitchHiker
26.33,7.6,84.02,64.95,"2.47 hours","15.82 hours",301640,"Zombie Army Trilogy"
18.49,7.6,84.58,26.5,"1.43 hours","15.27 hours",761620,"Beholder 2"
18.87,7.6,78.02,27.99,"1.48 hours","10.07 hours",1449320,"Alfred Hitchcock - Vertigo"
20.74,7.59,74.71,35.95,"1.73 hours","8.17 hours",1069530,"Narita Boy"
19.09,7.58,76.83,28.95,"1.52 hours","8.40 hours",260160,"The Last Tinker: City of Colors"
18.95,7.58,89.58,18.95,"40 min","16.17 hours",416680,"Zombie Night Terror"
26.5,7.57,71.28,26.5,"24 min","14.75 hours",1367300,"Blade Assault"
26.5,7.57,83.03,26.5,"24 min","51.67 hours",1807090,Wantless
24.95,7.54,86.07,24.95,"26 min","58.60 hours",1105510,"Yakuza 5 Remastered"
28.95,7.51,87.27,28.95,"21 min","14.07 hours",215160,"The Book of Unwritten Tales"
28.95,7.51,87.67,28.95,"21 min","8.37 hours",625980,"Yomawari: Midnight Shadows"
27.96,7.5,90.49,27.96,"22 min","13.62 hours",304240,"Resident Evil"
29.95,7.49,88.1,29.95,"20 min","7.20 hours",1771360,"Gerda: A Flame in Winter"
21.5,7.48,77.36,21.5,"32 min","6.19 hours",358090,"D4: Dark Dreams Don't Die"
21.5,7.48,68.71,21.5,"32 min","4.21 hours",365810,"Flying Tigers: Shadows Over China"
21.95,7.48,76.47,21.95,"31 min","5.15 hours",794540,"Neo Cab"
21.5,7.48,66.57,21.5,"32 min","19.75 hours",896440,"Eternal Edge"
21.95,7.48,87.61,21.95,"31 min","7.30 hours",1432100,"The Bookwalker"
20.99,7.45,89.35,20.99,"33 min","6.85 hours",600370,Paradigm
22.16,7.43,44.15,43.95,"1.98 hours","62.16 hours",2870,"X Rebirth"
56.95,7.43,81.35,56.95,"9 min","45.50 hours",567640,"Danganronpa V3: Killing Harmony"
18.5,7.4,64.78,18.5,"40 min",,843230,"Album Corvus"
15.66,7.34,76.54,17.75,"1.13 hours","12.01 hours",1500,Darwinia
16.88,7.34,79.55,21.95,"1.30 hours","20.10 hours",230070,"The Age of Decadence"
21.5,7.32,90.79,21.5,"31 min","2.80 hours",250260,"Jazzpunk: Director's Cut"
21.5,7.32,72.19,21.5,"31 min","12.23 hours",329380,"Stealth Inc 2"
43.95,7.32,70.13,43.95,"12 min","10.00 hours",580710,"Afghanistan '11"
21.5,7.32,75.2,21.5,"31 min","18.39 hours",651660,"Halcyon 6: Lightspeed Edition"
22.99,7.32,80.9,22.99,"28 min","4.30 hours",733210,Neversong
21.5,7.32,68.85,21.5,"31 min","17.75 hours",911680,"REZ PLZ"
18.07,7.32,90.08,26.5,"1.47 hours","4.62 hours",2238040,"Tiny Terry's Turbo Trip"
14.74,7.31,44.28,14.99,"1.02 hours",,292420,"Panzer Elite Action Fields of Glory"
20.5,7.27,82.18,20.5,"33 min","1.97 hours",1602560,"The Many Pieces of Mr. Coo"
28.99,7.25,80.7,28.99,"20 min","4.68 hours",1315980,"Tin Can"
14.5,7.25,90.58,14.5,"60 min","2.23 hours",1662480,"Nuclear Blaze"
28.95,7.24,54.8,28.95,"20 min","21.08 hours",39690,ArcaniA
28.95,7.24,62.48,28.95,"20 min","1.55 hours",574200,"EARTH DEFENSE FORCE 4.1  WINGDIVER THE SHOOTER"
24.23,7.23,71.84,56.95,"2.35 hours","14.02 hours",243950,"Divinity: Dragon Commander"
18.48,7.2,90.34,28.95,"1.57 hours","10.24 hours",33930,"Arma 2: Operation Arrowhead"
18.73,7.2,79.17,29.97,"1.60 hours","24.20 hours",538030,"Xenonauts 2"
16.67,7.2,67.99,21.95,"1.32 hours","30.67 hours",768520,"Red Solstice 2: Survivors"
16.67,7.2,88.69,21.95,"1.32 hours","3.81 hours",1309950,"Children of the Sun"
14.5,7.19,95.71,14.5,"59 min","7.10 hours",239030,"Papers, Please"
35.95,7.19,68.32,35.95,"15 min","20.73 hours",250680,BELOW
35.95,7.19,74.52,35.95,"15 min","10.54 hours",435100,2Dark
35.95,7.19,86.89,35.95,"15 min","2.58 hours",636450,"Rez Infinite"
16.54,7.19,92.12,21.5,"1.30 hours","2.80 hours",1205450,"Turnip Boy Commits Tax Evasion"
21.5,7.17,90.09,21.5,"30 min","7.39 hours",200900,"Cave Story+"
21.5,7.17,62.43,21.5,"30 min","15.84 hours",369110,"The Swindle"
18.5,7.17,90.8,18.5,"38 min","4.14 hours",525510,"Guns, Gore and Cannoli 2"
21.5,7.17,73.4,21.5,"30 min","24.65 hours",785740,"This Is the Police 2"
21.5,7.17,70.13,21.5,"30 min","10.59 hours",1647770,"Ankora: Lost Days"
19.81,7.16,89.73,34.99,"1.77 hours","17.17 hours",1983260,"Dungeons of Hinterberg"
22.47,7.15,92.07,22.47,"28 min","10.72 hours",597760,"Yuppie Psycho"
14.5,7.13,74.19,14.5,"58 min","2.10 hours",380660,"Killing Time at Lightspeed: Enhanced Edition"
14.26,7.07,87.74,14.5,"1.02 hours","6.13 hours",7020,"Rogue Trooper"
17.95,7.07,73.5,17.95,"39 min","12.32 hours",912570,"BEAUTIFUL DESOLATION"
14.26,7.07,94.03,14.5,"1.02 hours","5.22 hours",942970,Unheard
14.23,7.06,87.74,14.47,"1.02 hours","23.64 hours",656350,UnderMine
16.33,7.05,78.35,21.5,"1.32 hours","10.48 hours",431940,Wildfire
23.95,7.04,84.01,23.95,"25 min","44.53 hours",994730,"Banner of the Maid"
30.4,7.02,91.15,30.4,"18 min","6.62 hours",598550,Huntdown
15.42,7.01,73.8,18.5,"1.20 hours","59.02 hours",292120,"FINAL FANTASY XIII"
21.5,7.01,86.18,21.5,"29 min","9.66 hours",1393820,Prodigal
14.5,7.0,84.33,14.5,"56 min","5.12 hours",447290,Redeemer
17.75,6.99,88.2,17.75,"39 min","3.28 hours",205910,"Tiny and Big: Grandpa's Leftovers"
17.75,6.99,92.08,17.75,"39 min","5.31 hours",2378620,"Anomaly Agent"
21.95,6.98,78.86,21.95,"28 min","7.21 hours",311010,"The Way"
21.95,6.98,86.31,21.95,"28 min","7.26 hours",428750,"Neon Chrome"
22.64,6.97,78.51,50.95,"2.25 hours","13.32 hours",924750,"Harold Halibut"
28.95,6.96,76.92,28.95,"19 min","5.21 hours",1107750,"Faraday Protocol"
22.38,6.95,79.62,22.38,"27 min","42.35 hours",617480,"Tower of Time"
14.95,6.94,53.25,14.95,"52 min","9.92 hours",225360,DARK
22.95,6.94,89.7,22.95,"26 min","10.35 hours",675260,"Batman: The Enemy Within - The Telltale Series"
24.99,6.92,91.27,24.99,"23 min","50.60 hours",251150,"The Legend of Heroes: Trails in the Sky"
16.13,6.91,90.95,21.5,"1.33 hours","53.23 hours",211820,Starbound
16.13,6.91,72.88,21.5,"1.33 hours","6.41 hours",334420,"Out There: Ω Edition"
14.03,6.9,53.67,14.5,"1.03 hours","16.13 hours",310890,"Breach & Clear: Deadline Rebirth (2016)"
23.57,6.9,73.88,56.95,"2.42 hours","29.14 hours",710470,"Little Witch Academia: Chamber of Time"
14.5,6.87,82.49,14.5,"54 min","45.99 hours",452060,Caveblazers
14.5,6.87,88.76,14.5,"54 min","7.19 hours",1338580,"McPixel 3"
14.5,6.87,87.76,14.5,"54 min","4.52 hours",1740680,"Voodoo Detective"
16.42,6.84,72.19,22.99,"1.40 hours","21.06 hours",1176710,"Space Crew: Legendary Edition"
22.2,6.83,74.07,49.95,"2.25 hours","2.34 hours",312650,Battlezone
18.5,6.82,81.05,18.5,"35 min","38.16 hours",312750,"Final Fantasy IV (3D Remake)"
15.55,6.81,92.07,19.95,"1.28 hours","7.49 hours",2200,"Quake III Arena"
21.95,6.81,94.56,21.95,"27 min","9.65 hours",261030,"The Walking Dead: Season Two"
21.95,6.81,83.26,21.95,"27 min","3.79 hours",331870,"AER Memories of Old"
29.5,6.81,93.6,29.5,"18 min","37.73 hours",1082710,"Bug Fables: The Everlasting Sapling"
15.5,6.81,90.86,15.5,"47 min","17.28 hours",1155970,Roadwarden
29.5,6.81,90.54,29.5,"18 min","6.66 hours",1262040,"Super Mombo Quest"
21.95,6.81,81.02,21.95,"27 min","6.57 hours",1580180,Gunbrella
21.95,6.81,85.78,21.95,"27 min","8.97 hours",1596730,Dynopunk
16.99,6.8,75.04,16.99,"40 min","3.53 hours",308060,"Black The Fall"
14.95,6.8,72.1,14.95,"50 min","7.88 hours",354380,"Assassin’s Creed® Chronicles: China"
14.5,6.8,67.45,14.5,"53 min","8.38 hours",514150,"Line of Sight: Vietnam"
14.02,6.78,76.43,14.95,"1.07 hours","14.40 hours",9200,RAGE
14.02,6.78,88.02,14.95,"1.07 hours","26.02 hours",33230,"Assassin's Creed II"
17.75,6.77,84.33,17.75,"37 min","2.81 hours",2094750,"Timeloop: Sink Again Beach"
17.88,6.75,91.2,29.5,"1.65 hours","28.48 hours",1210320,"Potion Craft: Alchemist Simulator"
22.04,6.75,77.65,49.95,"2.27 hours","41.93 hours",2221490,"Tom Clancy's The Division 2"
13.81,6.74,88.24,14.5,"1.05 hours","2.49 hours",1288900,Title_Pending
27.99,6.73,58.16,27.99,"19 min","9.07 hours",1109690,"Asterix & Obelix XXL 3  - The Crystal Menhir"
18.95,6.72,90.56,18.95,"33 min","6.54 hours",397340,SimplePlanes
14.56,6.72,97.73,16.99,"1.17 hours","93.66 hours",413150,"Stardew Valley"
18.95,6.72,45.65,18.95,"33 min","21.30 hours",1510580,"Toy Tinker Simulator"
28.95,6.68,50.0,28.95,"18 min","6.20 hours",987330,"Street Outlaws The List"
28.95,6.68,84.95,28.95,"18 min","7.65 hours",1115690,"Yes, Your Grace"
21.5,6.67,95.33,21.5,"27 min","13.25 hours",447530,"VA-11 Hall-A: Cyberpunk Bartender Action"
13.95,6.67,76.59,13.95,"55 min","4.26 hours",492180,Haimrik
21.5,6.67,82.38,21.5,"27 min","7.09 hours",1181840,"HIVESWAP: ACT 2"
14.5,6.66,70.7,14.5,"51 min","21.71 hours",289600,Marauder
15.87,6.66,85.92,21.95,"1.38 hours","3.57 hours",1341900,"Castle on the Coast"
20.91,6.64,86.52,44.95,"2.15 hours","14.22 hours",1410640,"Syberia - The World Before"
29.95,6.61,87.51,29.95,"17 min","15.99 hours",242550,"Rayman Legends"
29.95,6.61,84.55,29.95,"17 min","10.58 hours",327220,"Anna's Quest"
14.5,6.59,68.98,14.5,"50 min","9.68 hours",4520,"Full Spectrum Warrior"
18.95,6.59,86.84,18.95,"32 min","5.01 hours",1055850,"Inspector Waffles"
13.59,6.58,89.0,14.5,"1.07 hours","17.24 hours",12710,"Overlord: Raising Hell"
28.5,6.58,70.88,28.5,"18 min","3.24 hours",717560,"Lucifer Within Us"
36.95,6.58,71.06,36.95,"13 min","9.31 hours",1137450,Encodya
14.99,6.58,90.17,14.99,"47 min","14.94 hours",1216710,"Cyber Manhunt"
104.95,6.56,60.78,104.95,"4 min","16.71 hours",315210,"Suicide Squad: Kill the Justice League"
27.24,6.55,69.35,27.24,"19 min","8.35 hours",1726120,"Cursed to Golf"
17.52,6.53,86.59,29.5,"1.68 hours","41.71 hours",321800,"Icewind Dale: Enhanced Edition"
14.5,6.52,87.98,14.5,"49 min","10.00 hours",588950,Kingsway
17.37,6.51,69.34,28.95,"1.67 hours","22.63 hours",421170,Indivisible
29.5,6.51,75.34,29.5,"17 min","13.72 hours",540060,"Fabulous - Angela's Fashion Fever"
29.5,6.51,84.07,29.5,"17 min","56.86 hours",599140,"Graveyard Keeper"
29.5,6.51,81.32,29.5,"17 min","8.51 hours",1590910,"Forgive Me Father"
19.99,6.51,90.32,19.99,"29 min","3.35 hours",1668190,"Once Upon a Jester"
20.95,6.5,90.0,20.95,"27 min","8.60 hours",214770,"Guacamelee! Gold Edition"
36.5,6.5,90.71,36.5,"13 min","47.16 hours",300570,Infinifactory
21.5,6.5,89.49,21.5,"26 min","10.55 hours",307580,Technobabylon
17.12,6.5,74.04,27.96,"1.63 hours","26.76 hours",743900,"Mega Man X Legacy Collection 2"
20.44,6.49,93.26,43.95,"2.15 hours","34.93 hours",972660,"Spiritfarer®: Farewell Edition"
16.95,6.47,77.51,16.95,"37 min","5.00 hours",819480,"Pizza Titan Ultra"
24.95,6.47,84.26,24.95,"21 min","5.58 hours",909820,"Songbird Symphony"
21.95,6.46,84.1,21.95,"25 min","4.39 hours",489140,"Mr Shifty"
14.5,6.44,89.92,14.5,"48 min","5.16 hours",22120,"Penumbra: Black Plague"
14.5,6.44,93.57,14.5,"48 min","16.28 hours",339800,HuniePop
14.5,6.44,74.33,14.5,"48 min","2.10 hours",632070,"The Fidelio Incident"
13.38,6.42,96.3,14.5,"1.08 hours","100.52 hours",10,Counter-Strike
17.2,6.41,94.07,28.95,"1.68 hours","28.88 hours",413410,"Danganronpa: Trigger Happy Havoc"
15.36,6.4,72.92,21.5,"1.40 hours","14.77 hours",530020,"World to the West"
28.95,6.39,82.84,28.95,"17 min","8.70 hours",368620,Timespinner
28.95,6.39,92.57,28.95,"17 min","47.66 hours",377840,"FINAL FANTASY IX"
28.95,6.39,69.52,28.95,"17 min","4.20 hours",426310,Perception
14.5,6.37,80.32,14.5,"47 min","2.40 hours",504130,"Manual Samuel - Last Tuesday Edition"
22.95,6.36,85.7,22.95,"23 min","7.81 hours",1479390,Alekon
13.12,6.35,83.36,13.99,"1.07 hours","14.88 hours",680360,"Regions Of Ruin"
19.95,6.35,87.64,19.95,"28 min","3.82 hours",1829420,"Before The Night"
17.75,6.34,78.66,31.95,"1.80 hours","14.21 hours",10150,Prototype
18.59,6.34,92.59,35.95,"1.93 hours","105.15 hours",568220,"Lobotomy Corporation"
21.5,6.32,85.68,21.5,"25 min","6.43 hours",351940,"The Descendant"
21.5,6.32,76.31,21.5,"25 min","2.45 hours",1220370,"Ever Forward"
29.95,6.31,60.45,29.95,"16 min","41.06 hours",1133760,"CHRONO CROSS: THE RADICAL DREAMERS EDITION"
29.95,6.31,74.41,29.95,"16 min","6.63 hours",1225580,Fe
24.92,6.31,94.69,73.5,"2.95 hours","45.78 hours",1449690,"The Walking Dead: The Telltale Definitive Series"
14.81,6.3,96.06,19.99,"1.35 hours","118.87 hours",250900,"The Binding of Isaac: Rebirth"
13.17,6.3,84.35,13.17,"55 min","12.27 hours",761460,"Lamplight City"
18.5,6.3,69.22,18.5,"31 min","14.30 hours",1001980,"Archeo: Shinar"
14.5,6.29,78.15,14.5,"46 min","8.49 hours",3020,"Call of Juarez"
14.5,6.29,92.87,14.5,"46 min","12.15 hours",102600,"Orcs Must Die!"
15.31,6.29,88.85,21.95,"1.43 hours","21.53 hours",2020860,"Rush Rally 3"
15.25,6.28,89.5,15.25,"42 min","6.39 hours",265930,"Goat Simulator"
43.95,6.28,52.41,43.95,"10 min","13.99 hours",402130,"FlatOut 4: Total Insanity"
15.18,6.28,66.49,21.5,"1.42 hours","3.12 hours",523650,"Lust for Darkness"
21.95,6.27,82.75,21.95,"24 min","8.39 hours",212050,Resonance
21.95,6.27,80.43,21.95,"24 min","5.85 hours",622680,"Mayhem in Single Valley"
21.95,6.27,94.6,21.95,"24 min","4.09 hours",683320,GRIS
16.68,6.26,55.74,16.68,"36 min","0.00 hours",803980,"Plane Mechanic Simulator"
14.95,6.24,92.53,14.95,"43 min","8.56 hours",2320,"Quake II"
24.95,6.24,69.39,24.95,"20 min","20.75 hours",427470,"Democracy 3 Africa"
24.95,6.24,86.67,24.95,"20 min","26.17 hours",427700,"Zwei: The Ilvard Insurrection"
17.11,6.22,85.17,29.95,"1.75 hours","8.22 hours",219910,"Edna & Harvey: Harvey's New Eyes"
17.11,6.22,54.28,29.95,"1.75 hours","8.72 hours",879000,Comanche
34.95,6.22,80.39,34.95,"13 min","11.35 hours",1343240,Thymesia
23.99,6.22,78.77,23.99,"21 min","11.50 hours",1393750,"Ocean's Heart"
14.5,6.21,59.77,14.5,"45 min","4.18 hours",11200,"Shadowgrounds: Survivor"
14.5,6.21,90.9,14.5,"45 min","6.07 hours",252410,"SteamWorld Dig"
20.0,6.21,83.98,20.0,"27 min","6.03 hours",252630,Eldritch
14.5,6.21,90.06,14.5,"45 min","5.67 hours",1587710,"Fossil Corner"
19.95,6.19,36.64,19.95,"27 min","39.73 hours",108110,"Starpoint Gemini"
13.19,6.18,88.86,14.95,"1.13 hours","15.49 hours",19680,"Alice: Madness Returns"
15.0,6.18,78.04,15.0,"42 min","41.99 hours",437250,"A House of Many Doors"
17.75,6.17,86.72,17.75,"32 min","6.14 hours",618950,"Agatha Knife"
18.5,6.17,81.04,18.5,"30 min","8.25 hours",1040460,"Space Scavenger"
16.22,6.16,85.55,26.5,"1.63 hours","6.99 hours",1158220,"Kraken Academy!!"
21.5,6.14,91.11,21.5,"24 min","5.33 hours",231160,"The Swapper"
15.59,6.14,74.5,15.59,"39 min","5.24 hours",261530,"Lifeless Planet"
21.5,6.14,71.39,21.5,"24 min","18.25 hours",279440,"Joe Dever's Lone Wolf HD Remastered"
21.5,6.14,85.83,21.5,"24 min","12.18 hours",602700,Chippy
21.5,6.14,77.38,21.5,"24 min","6.12 hours",874040,"Ministry of Broadcast"
15.94,6.13,84.87,25.5,"1.60 hours","6.77 hours",244430,"realMyst: Masterpiece Edition"
24.5,6.13,77.49,24.5,"20 min","5.85 hours",576960,"🧠 OUT OF THE BOX"
16.95,6.13,86.2,29.95,"1.77 hours","11.69 hours",960990,"Beyond: Two Souls"
15.3,6.12,88.52,22.95,"1.50 hours","17.18 hours",445980,"Wizard of Legend"
14.59,6.09,82.94,14.59,"43 min","9.80 hours",501790,"Unforeseen Incidents"
28.95,6.09,83.05,28.95,"16 min","4.83 hours",669950,"BDSM: Big Drunk Satanic Massacre"
28.95,6.09,67.65,28.95,"16 min","5.99 hours",774811,"YUMENIKKI -DREAM DIARY-"
28.95,6.09,86.2,28.95,"16 min","19.95 hours",854940,Ikenfell
14.59,6.09,89.42,14.59,"43 min","34.81 hours",893850,":THE LONGING:"
28.95,6.09,86.56,28.95,"16 min","9.23 hours",1060600,"Lair of the Clockwork God"
21.95,6.08,60.14,21.95,"23 min","7.53 hours",253390,"Hot Tin Roof: The Cat That Wore A Fedora"
21.95,6.08,85.48,21.95,"23 min","13.06 hours",260190,"Marc Eckō's Getting Up: Contents Under Pressure"
14.97,6.07,88.4,21.95,"1.47 hours","4.39 hours",2736690,"Void Sols"
14.83,6.05,92.06,21.5,"1.45 hours","13.33 hours",590380,"Into the Breach"
31.95,6.04,87.52,31.95,"14 min","8.86 hours",2610,GUN
13.29,6.04,76.99,15.95,"1.20 hours",,1790370,"Rogue AI Simulator"
20.5,6.03,79.39,20.5,"25 min","5.10 hours",278100,RIVE
25.0,6.01,72.74,25.0,"19 min","35.33 hours",808010,Critadel
29.99,6.0,89.85,29.99,"15 min","14.48 hours",1052990,"A Monster's Expedition"
29.95,5.99,89.99,29.95,"15 min","12.02 hours",17470,"Dead Space (2008)"
29.95,5.99,88.36,29.95,"15 min","9.60 hours",356400,Thumper
23.95,5.99,74.82,23.95,"20 min","7.95 hours",1001800,KUNAI
18.73,5.98,83.36,39.95,"2.13 hours","10.16 hours",108800,"Crysis 2 Maximum Edition"
14.5,5.97,95.15,14.5,"42 min","48.15 hours",219740,"Don't Starve"
14.5,5.97,87.45,14.5,"42 min","6.28 hours",233150,LUFTRAUSERS
21.5,5.96,78.32,21.5,"23 min","11.10 hours",454250,"The Eyes of Ara"
21.5,5.96,81.11,21.5,"23 min","6.37 hours",522210,"Serial Cleaner"
21.5,5.96,81.74,21.5,"23 min","13.45 hours",638000,"When Ski Lifts Go Wrong "
21.5,5.96,64.67,21.5,"23 min","16.83 hours",966720,"Pumped BMX Pro"
16.54,5.94,83.37,29.5,"1.78 hours","3.04 hours",343860,Tacoma
17.75,5.92,73.2,17.75,"30 min","40.25 hours",1079230,"Himno - The Silent Melody"
17.95,5.92,96.95,36.5,"2.03 hours","42.38 hours",1145360,Hades
15.78,5.92,91.02,26.3,"1.67 hours","9.80 hours",1299690,"Gori: Cuddly Carnage"
17.64,5.91,73.56,34.99,"1.98 hours","46.12 hours",471010,"Seven: Enhanced Edition"
29.5,5.9,78.91,29.5,"15 min","16.85 hours",32450,"LEGO® Indiana Jones™ 2: The Adventure Continues"
28.02,5.9,54.09,28.02,"16 min","3.04 hours",269850,"Get Packed"
29.5,5.9,83.84,29.5,"15 min","8.95 hours",465200,"Fury Unleashed"
29.5,5.9,92.28,29.5,"15 min","5.28 hours",473950,"Manifold Garden"
29.5,5.9,74.87,29.5,"15 min","7.17 hours",885910,"Ginga Force"
29.5,5.9,87.76,29.5,"15 min","7.01 hours",1303950,"Toodee and Topdee"
29.5,5.9,68.33,29.5,"15 min","5.64 hours",1485070,"Esse Proxy"
29.5,5.9,89.03,29.5,"15 min","8.43 hours",1924360,"Lil' Guardsman"
21.95,5.89,79.4,21.95,"22 min","24.22 hours",293660,"TRI: Of Friendship and Madness"
14.5,5.89,75.87,14.5,"41 min","22.34 hours",338140,Venetica
14.5,5.89,74.52,14.5,"41 min","8.90 hours",392070,"Pumped BMX +"
14.5,5.89,88.84,14.5,"41 min","2.42 hours",1086410,"Golf Around!"
18.5,5.89,79.57,18.5,"28 min","4.85 hours",1131810,"Gordon Streaman"
19.99,5.88,89.45,19.99,"25 min","12.74 hours",207320,"Ys: The Oath in Felghana"
19.99,5.88,66.67,19.99,"25 min","6.02 hours",696180,"Bullet Witch"
18.95,5.88,85.24,18.95,"27 min","18.09 hours",1536620,"Galactic Glitch"
16.23,5.83,92.36,28.95,"1.78 hours","8.20 hours",334940,"Yoku's Island Express"
20.99,5.82,85.39,20.99,"23 min","6.67 hours",1085510,"Garfield Kart - Furious Racing"
14.5,5.8,91.44,14.5,"40 min","20.06 hours",285740,"Kitty Powers' Matchmaker"
14.5,5.8,57.9,14.5,"40 min","1.71 hours",634120,Inmates
14.5,5.8,87.43,14.5,"40 min","3.32 hours",881040,"Bug Academy"
28.95,5.79,90.45,28.95,"15 min","2.75 hours",433550,DARQ
28.95,5.79,71.88,28.95,"15 min","6.67 hours",838010,"Double Cross"
28.95,5.79,81.22,28.95,"15 min","45.81 hours",995980,"Fae Tactics"
28.95,5.79,74.84,28.95,"15 min","7.68 hours",1311070,"Greak: Memories of Azur"
21.5,5.77,81.87,21.5,"22 min","13.56 hours",506510,"Shadows of Adam"
14.14,5.77,91.98,20.5,"1.45 hours","13.72 hours",686200,"Door Kickers: Action Squad"
21.5,5.77,81.16,21.5,"22 min","11.13 hours",1345860,"Grapple Dog"
21.5,5.77,87.49,21.5,"22 min","4.31 hours",1369520,Strangeland
48.95,5.76,75.91,48.95,"8 min","17.44 hours",1507720,"Märchen Forest"
15.83,5.76,77.09,27.71,"1.75 hours","15.50 hours",2198070,"Cardboard Town"
14.33,5.73,72.94,21.5,"1.50 hours","3.61 hours",366870,Narcosis
16.91,5.73,91.76,32.98,"1.95 hours","12.19 hours",752590,"A Plague Tale: Innocence"
18.97,5.72,86.94,43.95,"2.32 hours","28.38 hours",673880,"Warhammer 40,000: Mechanicus"
39.95,5.71,87.17,39.95,"10 min","6.50 hours",493200,RiME
21.99,5.7,78.32,21.99,"21 min","2.80 hours",783840,"Lakeview Valley"
24.99,5.68,81.52,84.95,"3.40 hours","55.75 hours",589360,"Ni no Kuni™ II: Revenant Kingdom"
16.09,5.68,87.15,29.5,"1.83 hours","8.15 hours",926140,"CHANGE: A Homeless Survival Experience"
16.19,5.68,76.67,29.95,"1.85 hours","15.95 hours",1237980,"STAR WARS™ Battlefront™"
29.95,5.67,75.74,29.95,"14 min","7.10 hours",214870,"Painkiller Hell & Damnation"
29.99,5.67,90.16,29.99,"14 min","5.02 hours",421120,"Samorost 3"
13.95,5.66,85.57,13.95,"41 min","18.75 hours",427190,"Dead Rising"
16.95,5.65,71.26,16.95,"30 min","7.71 hours",1019020,"The Abbey - Director's cut"
18.99,5.64,87.44,44.94,"2.37 hours","107.46 hours",582010,"Monster Hunter: World"
20.99,5.63,92.84,20.99,"22 min","12.61 hours",389170,"Songs for a Hero - Definitive Edition"
20.99,5.63,51.48,20.99,"22 min","14.35 hours",464340,"Syberia 3"
14.5,5.62,83.41,14.5,"38 min","5.17 hours",32750,"Comanche 4"
17.26,5.6,95.42,35.95,"2.08 hours","163.48 hours",457140,"Oxygen Not Included"
61.63,5.6,80.07,61.63,"6 min","13.41 hours",489630,"Warhammer 40,000: Gladius - Relics of War"
21.3,5.58,95.41,59.99,"2.82 hours","102.94 hours",292030,"The Witcher 3: Wild Hunt"
29.5,5.58,90.17,29.5,"14 min","2.22 hours",1170060,"Boomerang X"
21.5,5.57,92.34,21.5,"21 min","14.24 hours",40800,"Super Meat Boy"
21.5,5.57,89.88,21.5,"21 min","38.64 hours",239350,Spelunky
18.95,5.57,90.19,18.95,"25 min","68.23 hours",246900,"Viscera Cleanup Detail"
18.95,5.57,84.59,18.95,"25 min","45.08 hours",384110,"Pathologic Classic HD"
18.95,5.57,65.59,18.95,"25 min","13.78 hours",1144970,"Necronator: Dead Wrong"
17.95,5.57,74.58,17.95,"27 min","2.00 hours",1932210,"Takara Cards"
14.16,5.55,92.37,21.95,"1.55 hours","3.98 hours",221260,"Little Inferno"
17.82,5.54,74.17,39.5,"2.22 hours","17.03 hours",2386310,Ultros
14.5,5.53,90.23,14.5,"37 min","6.74 hours",115100,"Costume Quest"
14.5,5.53,77.55,14.5,"37 min","10.68 hours",253980,Enclave
19.95,5.53,86.92,19.95,"23 min","16.80 hours",312560,"Xanadu Next"
14.5,5.53,77.36,14.5,"37 min","0.54 hours",545040,Feather
14.5,5.53,81.51,14.5,"37 min","3.19 hours",976700,"Size Matters"
19.95,5.53,84.58,19.95,"23 min","8.63 hours",1372210,Dap
22.95,5.52,59.2,22.95,"19 min","8.35 hours",441680,Obscuritas
20.5,5.5,79.38,20.5,"22 min","4.68 hours",407780,"Lethe - Episode One"
21.95,5.49,90.41,21.95,"20 min","7.59 hours",375820,"Human Resource Machine"
21.95,5.49,68.04,21.95,"20 min","5.14 hours",520990,"Barrow Hill: The Dark Path"
21.95,5.49,76.1,21.95,"20 min","5.08 hours",735290,"Genesis Noir"
21.95,5.49,60.48,21.95,"20 min","28.51 hours",740550,"Record of Agarest War Mariage"
21.95,5.49,75.89,21.95,"20 min","35.20 hours",1061610,"Tenderfoot Tactics"
21.95,5.49,67.94,21.95,"20 min","5.61 hours",2303320,"Three Minutes to Eight"
28.95,5.48,71.68,28.95,"14 min","5.54 hours",630310,"The Mummy Demastered"
18.62,5.45,85.74,44.99,"2.42 hours","7.16 hours",731040,"The Invincible"
15.62,5.45,93.93,29.16,"1.87 hours","10.77 hours",1201270,"A Space for the Unbound"
14.5,5.44,78.45,14.5,"36 min","7.51 hours",254480,"Obscure 2"
14.5,5.44,80.38,14.5,"36 min","15.03 hours",332330,"PixelJunk™ Shooter Ultimate"
13.87,5.44,80.26,21.5,"1.55 hours","326.88 hours",333300,"ADOM (Ancient Domains Of Mystery)"
14.5,5.44,83.28,14.5,"36 min","3.62 hours",927250,"Bladed Fury"
14.5,5.44,72.13,14.5,"36 min","3.61 hours",1912420,"Sunshine Shuffle"
17.95,5.43,68.01,17.95,"26 min","4.82 hours",501320,"The Shrouded Isle"
34.99,5.42,64.77,34.99,"11 min","7.48 hours",1494260,"Loot River"
14.95,5.41,76.56,14.95,"34 min","9.83 hours",13540,"Tom Clancy's Rainbow Six: Vegas"
15.51,5.41,92.86,28.95,"1.87 hours","17.37 hours",70400,"Recettear: An Item Shop's Tale"
24.43,5.39,72.49,24.43,"17 min","25.90 hours",962580,"Summer in Mara"
21.5,5.38,89.94,21.5,"20 min","5.46 hours",383270,Hue
21.5,5.38,84.02,21.5,"20 min","14.00 hours",794550,"Grapple Force Rena"
21.5,5.38,65.68,21.5,"20 min","0.00 hours",1550740,"Ignited Steel"
13.86,5.37,80.15,21.95,"1.58 hours","14.90 hours",1162700,"Midnight Protocol"
15.63,5.36,75.16,29.95,"1.92 hours","5.26 hours",47790,"Medal of Honor(TM) Single Player"
37.5,5.36,66.42,37.5,"10 min","1.23 hours",1694600,"THE HOUSE OF THE DEAD: Remake"
24.16,5.35,79.61,84.95,"3.52 hours","22.13 hours",502280,"BERSERK and the Band of the Hawk"
13.72,5.35,86.28,21.5,"1.57 hours","3.30 hours",1223500,"Umurangi Generation"
15.53,5.35,82.63,29.5,"1.90 hours","13.55 hours",1709050,"Nitro Kid"
14.5,5.34,90.37,14.5,"35 min","8.58 hours",224760,FEZ
13.99,5.34,83.31,13.99,"37 min","17.50 hours",249050,"Dungeon of the ENDLESS™"
14.5,5.34,90.82,14.5,"35 min","6.06 hours",510420,"The Hex"
29.99,5.34,81.12,29.99,"13 min","4.99 hours",739080,"9 Monkeys of Shaolin"
14.5,5.34,89.57,14.5,"35 min","1.68 hours",1012560,Snakeybus
14.5,5.34,55.05,14.5,"35 min","0.00 hours",1075550,"Bite the Bullet"
14.5,5.34,93.43,14.5,"35 min","34.71 hours",1318690,shapez
19.87,5.33,84.78,19.87,"22 min","0.00 hours",2562620,"The Palace on the Hill"
13.95,5.32,84.06,13.95,"37 min","33.67 hours",15320,"IL-2 Sturmovik: 1946"
27.99,5.3,71.54,27.99,"14 min","9.95 hours",887060,"Asterix & Obelix XXL 2"
18.5,5.29,88.64,18.5,"24 min","24.41 hours",233980,Unepic
44.95,5.29,82.46,44.95,"8 min","12.78 hours",1402110,Eternights
13.19,5.28,70.85,13.19,"40 min","5.30 hours",367110,Dustbowl
13.72,5.28,62.36,21.95,"1.60 hours","4.09 hours",982720,"Paradise Lost"
21.95,5.28,81.95,21.95,"19 min","5.79 hours",1063490,"Still There"
13.58,5.26,80.94,21.5,"1.58 hours","23.02 hours",636390,"Ticket to Earth"
18.06,5.26,64.93,43.95,"2.43 hours","8.46 hours",1981610,"Wanted: Dead"
29.5,5.25,85.19,29.5,"13 min","41.06 hours",200960,"Geneforge 1"
29.5,5.25,87.16,29.5,"13 min","15.41 hours",792120,"FIGHT KNIGHT"
29.5,5.25,77.4,29.5,"13 min","7.67 hours",1231990,"Gestalt: Steam & Cinder"
29.5,5.25,86.64,29.5,"13 min","7.72 hours",1371720,"Card Shark"
29.5,5.25,71.72,29.5,"13 min","0.00 hours",1639080,Sandwalkers
20.98,5.25,78.55,62.95,"3.00 hours","40.83 hours",1805480,"Like a Dragon: Ishin!"
14.5,5.24,95.5,14.5,"34 min","6.74 hours",219150,"Hotline Miami"
14.5,5.24,73.38,14.5,"34 min","24.34 hours",226100,"PixelJunk™ Nom Nom Galaxy"
17.75,5.22,70.42,17.75,"25 min","9.60 hours",218510,"Planets Under Attack"
13.92,5.22,84.21,13.92,"36 min","3.11 hours",723270,Rumu
15.36,5.21,86.14,29.95,"1.95 hours","6.66 hours",17410,"Mirror's Edge"
36.5,5.21,64.5,36.5,"10 min","17.00 hours",400110,"Else Heart.Break()"
14.95,5.2,58.01,14.95,"32 min","7.54 hours",359600,"Assassin’s Creed® Chronicles: Russia"
13.58,5.19,83.43,21.95,"1.62 hours","2.33 hours",457680,"OPUS: The Day We Found Earth"
16.59,5.18,72.53,36.5,"2.20 hours","10.34 hours",245470,"Democracy 3"
28.95,5.16,71.79,28.95,"13 min","16.34 hours",427510,"Way of the Samurai 3"
28.95,5.16,85.52,28.95,"13 min","50.19 hours",1034860,"GRANDIA HD Remaster"
28.95,5.16,58.78,28.95,"13 min","11.06 hours",1294880,"Blind Fate: Edo no Yami"
20.5,5.13,91.87,20.5,"20 min","3.59 hours",852090,"Penko Park"
13.19,5.11,72.95,13.19,"38 min","6.98 hours",281410,"UberSoldier II"
14.57,5.11,75.23,26.95,"1.85 hours","10.43 hours",437630,"State of Mind"
14.99,5.11,74.63,14.99,"31 min","2.91 hours",1750570,"Subway Midnight"
19.75,5.09,88.47,56.95,"2.88 hours","23.85 hours",829110,"LEGO® DC Super-Villains"
17.86,5.08,96.11,44.95,"2.52 hours","42.43 hours",264710,Subnautica
16.79,5.08,68.63,16.79,"26 min","44.19 hours",427030,"Xuan-Yuan Sword: The Gate of Firmament"
28.5,5.08,80.79,28.5,"13 min","41.27 hours",502370,"Warhammer 40,000: Sanctus Reach (Classic)"
18.95,5.08,83.1,18.95,"22 min","5.78 hours",603530,"A Robot Named Fight"
21.99,5.07,91.86,21.99,"18 min","3.98 hours",207690,Botanicula
21.95,5.07,90.26,21.95,"18 min","21.36 hours",241600,"Rogue Legacy"
21.95,5.07,80.6,21.95,"18 min","5.81 hours",277700,"On Rusty Trails"
21.95,5.07,87.03,21.95,"18 min","8.13 hours",290260,Sokobond
21.95,5.07,77.25,21.95,"18 min","3.73 hours",297130,"Titan Souls"
21.95,5.07,89.4,21.95,"18 min","10.93 hours",349250,"Copy Kitty"
22.95,5.07,81.24,22.95,"17 min","19.29 hours",363420,"Leap of Fate"
21.95,5.07,78.56,21.95,"18 min","4.07 hours",429570,"The Walking Dead: Michonne"
21.95,5.07,88.19,21.95,"18 min","14.16 hours",1337520,"Risk of Rain Returns"
16.34,5.05,62.87,36.5,"2.23 hours","38.48 hours",7520,"Two Worlds II HD"
13.95,5.05,61.16,13.95,"34 min","9.18 hours",208110,"Myst V"
14.5,5.04,87.24,14.5,"32 min","6.06 hours",22180,"Penumbra: Overture"
14.5,5.04,57.65,14.5,"32 min","7.45 hours",33980,"Pound of Ground"
14.5,5.04,89.42,14.5,"32 min","21.00 hours",204030,"Fable - The Lost Chapters"
14.5,5.04,76.43,14.5,"32 min","20.76 hours",268770,"Treasure Adventure World"
14.5,5.04,65.17,14.5,"32 min","3.33 hours",368000,"100ft Robot Golf"
13.2,5.04,80.4,13.2,"37 min","3.12 hours",1025410,Metamorphosis
14.5,5.04,89.78,14.5,"32 min","6.22 hours",1269950,"Buddy Simulator 1984"
16.25,5.04,65.4,16.25,"27 min","1.70 hours",1582680,"Trolley Problem, Inc."
29.99,5.0,71.29,29.99,"12 min","62.44 hours",492290,"Has-Been Heroes"
14.97,4.99,65.88,29.95,"2.00 hours","5.65 hours",417880,"Everybody's Gone to the Rapture"
29.95,4.99,93.42,29.95,"12 min","4.25 hours",424840,"Little Nightmares"
24.95,4.99,79.44,24.95,"15 min","9.00 hours",1127970,"Retro Machina"
24.95,4.99,80.21,24.95,"15 min","23.69 hours",1137350,Filament
14.95,4.98,66.29,14.95,"30 min","5.98 hours",207930,"Sacred Citadel"
21.5,4.96,74.29,21.5,"18 min","4.24 hours",587180,Wulverblade
14.5,4.94,90.64,14.5,"31 min","5.54 hours",428550,"Momodora: Reverie Under the Moonlight"
14.5,4.94,71.16,14.5,"31 min","4.85 hours",443650,"Wailing Heights"
14.5,4.94,78.58,14.5,"31 min","5.02 hours",460220,Xenoraid
14.5,4.94,83.36,14.5,"31 min","8.04 hours",1687210,"Tell Some Story: Foz"
29.5,4.92,82.61,29.5,"12 min","44.78 hours",201010,"Geneforge 5"
18.95,4.91,67.71,18.95,"21 min","7.82 hours",274230,RONIN
18.95,4.91,61.12,18.95,"21 min","0.00 hours",690370,Cantata
14.6,4.89,69.54,28.95,"1.98 hours","6.56 hours",21100,"F.E.A.R. 3"
21.95,4.85,82.38,21.95,"17 min","0.00 hours",364210,"Sierra Ops"
21.95,4.85,89.88,21.95,"17 min","13.37 hours",583470,"The End Is Nigh"
21.95,4.85,73.68,21.95,"17 min","8.62 hours",717310,Aggelos
21.95,4.85,71.93,21.95,"17 min","10.46 hours",892860,"Hot Brass"
14.5,4.83,62.21,14.5,"30 min","12.74 hours",49330,"Pirates of Black Cove"
14.5,4.83,68.97,14.5,"30 min","3.48 hours",230150,Incredipede
14.5,4.83,94.97,14.5,"30 min","5.54 hours",1390350,Webbed
28.95,4.82,95.03,28.95,"12 min","15.32 hours",268910,Cuphead
28.95,4.82,57.83,28.95,"12 min","41.88 hours",292140,"FINAL FANTASY XIII-2"
14.47,4.82,83.5,14.47,"30 min","9.83 hours",336440,"Super Cane Magic ZERO"
28.95,4.82,72.42,28.95,"12 min","7.54 hours",365770,Volume
28.95,4.82,63.66,28.95,"12 min","2.90 hours",1000080,Zengeon
28.95,4.82,73.22,28.95,"12 min","6.60 hours",1042920,Unsouled
19.99,4.81,78.47,19.99,"19 min","10.42 hours",1019310,VirtuaVerse
18.5,4.8,81.73,18.5,"21 min","10.08 hours",234390,"Teleglitch: Die More Edition"
15.55,4.78,89.82,34.99,"2.25 hours","3.25 hours",322500,SUPERHOT
19.46,4.76,75.31,59.99,"3.08 hours","5.76 hours",698670,Scorn
99.95,4.76,70.18,99.95,"3 min","33.11 hours",1774580,"STAR WARS Jedi: Survivor™"
13.95,4.75,83.79,13.95,"31 min","1.69 hours",581270,"Old Man's Journey"
21.5,4.75,85.19,21.5,"17 min","7.96 hours",732930,"Wunderling DX"
21.5,4.75,84.31,21.5,"17 min","5.12 hours",1748230,"RESTLESS SOUL"
15.63,4.74,86.57,35.95,"2.30 hours","17.86 hours",330020,"Children of Morta"
21.49,4.74,70.67,21.49,"17 min","5.84 hours",488730,"God's Trigger"
18.95,4.74,62.9,18.95,"20 min","2.17 hours",1507790,"Witch Strandings"
25.0,4.73,77.78,25.0,"14 min","6.32 hours",310740,"NEON STRUCT"
14.5,4.72,77.06,14.5,"29 min","4.97 hours",219200,"Droid Assault"
14.5,4.72,67.8,14.5,"29 min","3.73 hours",278440,0RBITALIS
14.5,4.72,86.95,14.5,"29 min","3.24 hours",368370,"Her Story"
24.95,4.72,87.74,24.95,"14 min","30.75 hours",1105500,"Yakuza 4 Remastered"
24.95,4.72,89.85,24.95,"14 min","27.98 hours",1388590,"Yakuza 6: The Song of Life"
35.95,4.69,79.69,35.95,"9 min","7.95 hours",600130,Valfaris
14.38,4.69,81.18,14.38,"29 min","23.59 hours",789760,"Dead or School"
20.22,4.67,66.19,20.22,"18 min","12.89 hours",812550,"The King's Bird"
29.99,4.65,82.37,29.99,"11 min","21.99 hours",1245430,"Golden Light"
18.5,4.63,85.51,18.5,"20 min","10.48 hours",46500,Syberia
21.95,4.62,82.18,21.95,"16 min","1.50 hours",244710,"Shelter 1"
21.95,4.62,81.78,21.95,"16 min","2.59 hours",357720,"Inside My Radio"
21.95,4.62,82.12,21.95,"16 min","3.09 hours",963450,"The Eternal Castle [REMASTERED]"
14.5,4.61,82.59,14.5,"28 min","3.74 hours",219190,Ultratron
14.5,4.61,56.58,14.5,"28 min","4.30 hours",272890,"Vertiginous Golf"
14.5,4.61,77.13,14.5,"28 min","25.90 hours",326410,Windward
14.5,4.61,77.64,14.5,"28 min","25.71 hours",361670,"STAR WARS™: X-Wing Alliance™"
14.5,4.61,82.47,14.5,"28 min","1.84 hours",673000,"High Hell"
14.5,4.61,74.19,14.5,"28 min",,1555920,"CAN ANDROIDS SURVIVE"
59.95,4.61,81.5,59.95,"5 min","66.88 hours",1798020,"Mega Man Battle Network Legacy Collection Vol. 2"
14.26,4.6,91.98,29.95,"2.10 hours","16.02 hours",213330,"LEGO® Batman™ 2: DC Super Heroes"
18.32,4.58,76.75,54.95,"3.00 hours","16.80 hours",1271700,"HOT WHEELS UNLEASHED™"
29.5,4.57,91.07,29.5,"11 min","6.13 hours",224820,"Super House of Dead Ninjas"
29.5,4.57,85.25,29.5,"11 min","11.24 hours",241910,"Goodbye Deponia"
29.5,4.57,88.98,29.5,"11 min","16.62 hours",273570,Descent
29.5,4.57,88.27,29.5,"11 min","14.26 hours",494230,"Heart's Medicine - Time to Heal"
15.99,4.57,94.71,15.99,"24 min","11.63 hours",597220,"West of Loathing"
29.5,4.57,69.07,29.5,"11 min","6.19 hours",751820,"Black Future '88"
29.5,4.57,81.13,29.5,"11 min","10.21 hours",866190,"Irony Curtain: From Matryoshka with Love"
15.5,4.56,58.87,15.5,"25 min","9.26 hours",46750,"Dark Fall: Lost Souls"
18.95,4.56,64.2,18.95,"19 min","3.40 hours",642830,Milanoir
16.95,4.55,82.29,16.95,"22 min","12.48 hours",397330,"Little Big Adventure"
16.95,4.55,85.66,16.95,"22 min","2.03 hours",720660,Overloop
21.5,4.53,83.8,21.5,"16 min","6.78 hours",221810,"The Cave"
21.5,4.53,62.47,21.5,"16 min","5.61 hours",328940,"The Deer God"
21.5,4.53,86.8,21.5,"16 min","54.25 hours",1271280,"Rift Wizard"
23.95,4.53,72.54,23.95,"14 min","5.35 hours",1389550,"Mind Scanners"
14.58,4.52,80.6,14.58,"27 min","9.54 hours",1037120,Mutropolis
14.5,4.5,81.82,14.5,"27 min","6.85 hours",359420,"The Journeyman Project 1: Pegasus Prime"
14.5,4.5,69.96,14.5,"27 min","9.58 hours",436500,"Diaries of a Spaceport Janitor"
14.5,4.5,86.1,14.5,"27 min","5.08 hours",1501410,"Dwarf Journey"
28.95,4.49,82.85,28.95,"11 min","15.09 hours",459090,"Masquerada: Songs and Shadows"
26.95,4.49,73.59,26.95,"12 min","51.79 hours",1026680,"FINAL FANTASY VIII - REMASTERED"
13.79,4.45,79.21,28.95,"2.10 hours","55.83 hours",318970,StarCrawlers
24.99,4.45,89.71,24.99,"13 min","2.57 hours",600990,"The Gardens Between"
13.99,4.45,55.82,13.99,"28 min","8.02 hours",619700,"Steel Rats"
13.79,4.45,93.9,28.95,"2.10 hours","10.85 hours",1388770,"Cruelty Squad"
33.95,4.43,89.4,33.95,"9 min","16.21 hours",234270,"Ken Follett's The Pillars of the Earth"
13.83,4.41,88.69,29.5,"2.13 hours","3.05 hours",1766740,"Choo-Choo Charles"
13.19,4.4,89.38,13.19,"30 min","5.73 hours",364390,Downfall
13.19,4.4,75.72,13.19,"30 min","3.41 hours",1972820,"Suicide Guy Deluxe Plus"
21.95,4.39,83.92,21.95,"15 min","4.52 hours",361300,"Mother Russia Bleeds"
21.95,4.39,81.03,21.95,"15 min","5.29 hours",600090,"The Coma: Recut"
14.5,4.38,90.54,14.5,"26 min","14.26 hours",263760,"Turbo Dismount"
14.5,4.38,68.66,14.5,"26 min","14.89 hours",265590,"The Red Solstice"
14.5,4.38,81.11,14.5,"26 min","5.95 hours",339400,"Runestone Keeper"
14.5,4.38,73.09,14.5,"26 min","3.93 hours",347710,"Perils of Man"
14.5,4.38,87.66,14.5,"26 min","32.50 hours",370020,"Templar Battleforce"
14.5,4.38,84.85,14.5,"26 min","2.77 hours",389650,"Stardust Galaxy Warriors"
14.5,4.38,72.41,14.5,"26 min","2.64 hours",465760,"Scrap Garden"
14.5,4.38,97.4,14.5,"26 min","32.75 hours",1118200,"People Playground"
18.95,4.37,80.55,18.95,"18 min","8.38 hours",2319640,"Rise of Gun"
17.99,4.33,79.83,17.99,"19 min",,1461930,Robotry!
14.66,4.31,84.24,35.18,"2.40 hours","75.09 hours",275850,"No Man's Sky"
21.5,4.3,87.14,21.5,"15 min","3.83 hours",275200,"Westerado: Double Barreled"
21.5,4.3,76.43,21.5,"15 min","5.33 hours",556060,"Detective Gallo"
21.5,4.3,88.64,21.5,"15 min","12.18 hours",1846460,"Burnhouse Lane"
29.95,4.28,65.08,29.95,"10 min","50.54 hours",606370,"Romancing SaGa 2™"
29.95,4.28,76.11,29.95,"10 min","4.49 hours",1126750,"Mr. DRILLER DrillLand"
29.95,4.28,90.04,29.95,"10 min","8.66 hours",1579380,"Shadow Tactics: Blades of the Shogun - Aiko's Choice"
14.95,4.27,85.24,14.95,"24 min","12.43 hours",39530,"Painkiller: Black Edition"
13.47,4.27,85.13,28.95,"2.15 hours","7.60 hours",340000,Headlander
18.5,4.27,78.34,18.5,"18 min","2.46 hours",360840,Lumini
23.95,4.27,73.14,23.95,"13 min","7.28 hours",477870,"Yomawari: Night Alone"
18.5,4.27,71.44,18.5,"18 min","10.60 hours",982040,"Don't Die, Minerva!"
18.5,4.27,81.67,18.5,"18 min","1.52 hours",1432680,"Mechanic 8230: Escape from Ilgrot"
14.5,4.26,81.64,14.5,"25 min","15.66 hours",32760,"Tachyon: The Fringe"
14.5,4.26,88.17,14.5,"25 min","4.43 hours",322210,"Guns, Gore & Cannoli"
14.5,4.26,77.62,14.5,"25 min","3.92 hours",336080,"Vietnam ‘65"
14.5,4.26,71.68,14.5,"25 min","6.97 hours",470210,"Rocketbirds 2 Evolution"
14.5,4.26,77.13,14.5,"25 min","11.59 hours",968550,Tinytopia
14.5,4.26,80.88,14.5,"25 min","1.20 hours",1019590,"Lovely Planet 2: April Skies"
13.61,4.25,83.65,29.95,"2.20 hours","17.65 hours",268050,"The Evil Within"
17.8,4.24,83.02,56.95,"3.20 hours","18.67 hours",617290,"Remnant: From the Ashes"
29.5,4.21,88.18,29.5,"10 min","15.15 hours",417290,"Ghost of a Tale"
29.5,4.21,72.89,29.5,"10 min","14.15 hours",447120,"Where the Water Tastes Like Wine"
29.5,4.21,93.47,29.5,"10 min","4.41 hours",557340,"My Friend Pedro"
29.5,4.21,69.1,29.5,"10 min","38.83 hours",1291860,"Rough Justice: '84"
29.5,4.21,87.25,29.5,"10 min","10.22 hours",1367590,"Tormented Souls"
13.51,4.2,91.99,29.95,"2.22 hours","10.14 hours",47780,"Dead Space 2"
19.95,4.2,80.83,19.95,"16 min","7.19 hours",713160,"After Death"
20.95,4.19,89.46,20.95,"15 min","9.18 hours",275390,"Guacamelee! Super Turbo Championship Edition"
18.99,4.19,84.2,18.99,"17 min","4.92 hours",508980,"Crashday Redline Edition"
25.0,4.17,70.96,25.0,"12 min","4.58 hours",265830,Monochroma
13.26,4.17,79.0,28.95,"2.18 hours","0.00 hours",562230,"Space Tyrant"
13.43,4.17,73.3,13.43,"27 min","37.90 hours",826600,"I’m not a Monster"
39.95,4.17,68.57,39.95,"7 min","21.43 hours",1262540,"Need for Speed™"
24.95,4.16,92.75,24.95,"12 min","7.00 hours",219890,Antichamber
15.5,4.16,78.75,15.5,"22 min",,1298280,"Captain Disaster in: Death Has A Million Stomping Boots"
15.99,4.15,85.59,15.99,"21 min","7.19 hours",302510,"Ryse: Son of Rome"
21.95,4.15,85.63,21.95,"14 min","8.00 hours",439190,"Stories: The Path of Destinies"
20.74,4.15,92.63,82.95,"4.00 hours","21.82 hours",2375550,"Like a Dragon Gaiden: The Man Who Erased His Name"
14.95,4.14,70.44,14.95,"23 min","8.68 hours",33220,"Tom Clancy's Splinter Cell: Conviction"
14.5,4.14,68.06,14.5,"24 min","7.73 hours",108700,"Death Rally"
28.95,4.14,89.62,28.95,"10 min","5.34 hours",250110,"Assault Android Cactus"
14.5,4.14,90.65,14.5,"24 min","5.47 hours",268990,"The Dishwasher: Vampire Smile"
14.5,4.14,76.73,14.5,"24 min","54.66 hours",355250,"STAR WARS™: TIE Fighter Special Edition"
28.95,4.14,66.76,28.95,"10 min","10.05 hours",490450,"Tokyo 42"
28.95,4.14,89.33,28.95,"10 min","11.32 hours",729000,Wytchwood
14.5,4.14,86.41,14.5,"24 min","1.83 hours",1186740,"Kyle is Famous"
15.7,4.13,89.98,43.95,"2.80 hours","13.94 hours",233130,"Shadow Warrior"
13.95,4.1,86.57,13.95,"25 min","9.56 hours",35000,"Mini Ninjas"
21.5,4.07,78.38,21.5,"14 min","6.91 hours",341170,"Adventures of Chris"
21.5,4.07,88.53,21.5,"14 min","9.03 hours",1104660,MO:Astray
21.5,4.07,68.9,21.5,"14 min","5.00 hours",1165470,TombStar
13.21,4.04,71.0,29.95,"2.27 hours","9.03 hours",55110,"Red Faction: Armageddon"
14.5,4.02,68.09,14.5,"23 min","14.50 hours",4530,"Full Spectrum Warrior: Ten Hammers"
14.5,4.02,67.96,14.5,"23 min","6.18 hours",22650,"Alien Breed 2: Assault"
15.75,4.02,48.28,45.95,"2.92 hours","24.60 hours",65740,"Carrier Command: Gaea Mission"
14.5,4.02,45.99,14.5,"23 min","6.62 hours",251410,"Dark Matter"
14.5,4.02,76.26,14.5,"23 min","10.68 hours",330820,"2064: Read Only Memories"
14.5,4.02,66.88,14.5,"23 min","2.80 hours",347290,"Rise & Shine"
14.5,4.02,71.48,14.5,"23 min","23.73 hours",361690,"STAR WARS™ X-Wing vs TIE Fighter: Balance of Power Campaigns™"
14.19,4.02,90.78,35.95,"2.53 hours","105.59 hours",470310,"TROUBLESHOOTER: Abandoned Children"
14.5,4.02,76.24,14.5,"23 min",,503180,"MiniLAW: Ministry of Law"
14.99,4.02,78.68,14.99,"22 min","12.67 hours",621810,"Strain Tactics"
14.98,4.02,86.72,14.98,"22 min","9.48 hours",1492680,"The Pathless"
13.12,3.99,57.79,29.95,"2.28 hours","16.71 hours",831050,Dolmen
17.38,3.98,67.43,58.5,"3.37 hours","6.48 hours",1036890,"Shadow Warrior 3: Definitive Edition"
17.95,3.96,83.69,17.95,"17 min","3.06 hours",1417890,"Catie in MeowmeowLand"
14.01,3.93,86.67,35.95,"2.57 hours","14.47 hours",1265820,"Fights in Tight Spaces"
21.95,3.91,84.66,21.95,"13 min","13.71 hours",583270,"Cosmic Express"
16.95,3.91,90.62,16.95,"18 min","5.68 hours",743450,"Monster Prom"
14.5,3.89,64.41,14.5,"22 min","6.17 hours",362410,"Adam's Venture Chronicles"
14.5,3.89,57.93,14.5,"22 min","35.85 hours",366910,"The Long Journey Home"
14.5,3.89,96.54,14.5,"22 min","6.58 hours",420530,OneShot
14.5,3.89,85.83,14.5,"22 min","0.00 hours",1363690,"Fantastic Contraption Classic 1 & 2"
14.5,3.89,85.92,14.5,"22 min","8.76 hours",2837600,"The Alto Collection"
14.95,3.88,89.77,14.95,"21 min","13.82 hours",13570,"Tom Clancy's Splinter Cell: Chaos Theory"
13.19,3.88,69.6,13.19,"25 min","5.92 hours",466500,35MM
24.95,3.87,73.2,24.95,"11 min","23.95 hours",7110,"Jade Empire: Special Edition"
24.99,3.87,80.06,24.99,"11 min","9.46 hours",460700,"Song of the Deep"
29.5,3.85,84.98,29.5,"9 min","15.04 hours",32330,"LEGOⓇ Indiana Jones™: The Original Adventures"
14.2,3.85,75.01,38.1,"2.68 hours","6.92 hours",1012840,"Moons of Madness"
21.5,3.83,92.82,21.5,"13 min","13.71 hours",236090,"Dust: An Elysian Tail"
21.5,3.83,79.08,21.5,"13 min","6.73 hours",344740,CRYPTARK
36.5,3.81,77.16,36.5,"7 min","12.36 hours",1042800,"Warhammer 40,000: Inquisitor - Prophecy"
13.74,3.8,92.55,35.95,"2.62 hours","3.91 hours",1227690,"Severed Steel"
28.95,3.78,81.4,28.95,"9 min","34.08 hours",330390,"GRANDIA II HD Remaster"
28.95,3.78,87.35,28.95,"9 min","12.59 hours",332200,"Axiom Verge"
28.95,3.78,86.24,28.95,"9 min","20.30 hours",527230,"For The King"
28.95,3.78,79.64,28.95,"9 min","6.23 hours",1246250,"An Airport for Aliens Currently Run by Dogs"
28.95,3.78,87.16,28.95,"9 min","2.69 hours",1507780,"Space Warlord Organ Trading Simulator"
19.95,3.77,93.32,19.95,"14 min","86.82 hours",22330,"The Elder Scrolls IV: Oblivion Game of the Year Edition (2009)"
16.4,3.77,76.97,54.95,"3.35 hours","55.74 hours",607890,"Sword Art Online: Hollow Realization Deluxe Edition"
13.19,3.77,91.41,13.19,"24 min","11.20 hours",2753620,"Fruit Mountain"
14.5,3.76,81.08,14.5,"21 min","5.34 hours",272330,"Shadow Blade: Reload"
14.5,3.76,80.34,14.5,"21 min","4.36 hours",550990,"Viktor, a Steampunk Adventure"
14.5,3.76,69.76,14.5,"21 min","1.08 hours",578720,"A Mortician's Tale"
14.5,3.76,82.78,14.5,"21 min","17.84 hours",643900,"Alvora Tactics"
14.5,3.76,75.15,14.5,"21 min","6.12 hours",2644360,Kingsgrave
14.99,3.75,90.76,14.99,"20 min","3.03 hours",838310,"Bloodstained: Curse of the Moon"
14.95,3.74,43.64,14.95,"20 min","3.61 hours",206760,"Painkiller: Recurring Evil"
14.95,3.74,77.27,14.95,"20 min","8.66 hours",312840,"Fahrenheit: Indigo Prophecy Remastered"
20.99,3.74,54.3,20.99,"13 min","5.14 hours",568070,"Mable & The Wood"
16.95,3.74,70.04,16.95,"17 min","18.96 hours",764670,"Sea Dogs"
14.08,3.74,86.73,38.95,"2.77 hours","8.51 hours",1449280,"Ghostbusters: The Video Game Remastered"
20.95,3.73,60.2,20.95,"13 min","12.34 hours",406720,"Alekhine's Gun"
28.5,3.72,56.83,28.5,"9 min","3.99 hours",907710,"This Is the Zodiac Speaking"
23.95,3.71,87.15,23.95,"11 min","63.11 hours",495280,"Disgaea 2 PC"
23.95,3.71,89.22,23.95,"11 min","14.61 hours",868520,killer7
21.95,3.66,91.57,21.95,"12 min","43.83 hours",282900,"Hyperdimension Neptunia Re;Birth1"
13.19,3.66,71.99,13.19,"23 min","4.80 hours",489930,"Adventures of Bertram Fiddle: Episode 2: A Bleaker Predicklement"
21.95,3.66,85.11,21.95,"12 min","30.70 hours",677120,"Heroes of Hammerwatch"
21.95,3.66,64.63,21.95,"12 min","5.45 hours",878580,"GARAGE: Bad Trip"
14.5,3.63,90.32,14.5,"20 min","4.51 hours",284390,"The Last Door - Collector's Edition"
14.5,3.63,81.83,14.5,"20 min","13.95 hours",450440,"Creepy Castle"
14.5,3.63,60.71,14.5,"20 min","2.17 hours",738560,"Fariwalk: The Prelude"
14.5,3.63,68.99,14.5,"20 min","2.42 hours",754850,"The Spy Who Shrunk Me"
14.5,3.63,82.48,14.5,"20 min","1.15 hours",1398500,MECHBLAZE
14.47,3.62,76.34,14.47,"20 min","18.24 hours",252470,"Space Pirates and Zombies 2"
15.37,3.62,73.02,49.95,"3.25 hours","13.78 hours",1030830,"Mafia II: Definitive Edition"
14.4,3.61,83.14,42.95,"2.98 hours","11.62 hours",857980,"Void Bastards"
14.95,3.6,85.19,14.95,"19 min","11.32 hours",21780,"Driver: Parallel Lines"
17.99,3.6,73.29,17.99,"15 min","0.00 hours",790360,WarriOrb
14.35,3.59,66.52,14.35,"20 min","0.00 hours",405720,"Perfect Universe"
16.25,3.59,70.82,16.25,"17 min","7.75 hours",749250,"7th Sector"
17.06,3.59,92.06,17.06,"16 min","10.54 hours",900270,Reventure
18.95,3.59,86.17,18.95,"14 min","16.42 hours",2409360,"Pixel Cafe"
21.5,3.58,79.62,21.5,"12 min","13.64 hours",18050,"DeathSpank: Thongs Of Virtue"
21.5,3.58,78.57,21.5,"12 min","3.64 hours",295790,"Never Alone (Kisima Ingitchuna)"
21.5,3.58,78.31,21.5,"12 min","2.55 hours",499890,Aaero
21.5,3.58,85.96,21.5,"12 min","9.40 hours",545980,"Voodoo Vince: Remastered"
15.49,3.57,85.98,15.49,"18 min","3.41 hours",824850,"Some Distant Memory"
27.19,3.55,88.17,27.19,"9 min","32.99 hours",20920,"The Witcher 2: Assassins of Kings Enhanced Edition"
17.63,3.55,82.24,69.95,"3.97 hours","10.86 hours",312670,"Strange Brigade"
19.95,3.55,76.58,19.95,"13 min","24.97 hours",427680,"Zwei: The Arges Adventure"
29.95,3.52,73.18,29.95,"8 min",,268540,"The Whispered World Special Edition"
29.95,3.52,76.37,29.95,"8 min","11.16 hours",485460,"The Banner Saga 3"
14.42,3.5,74.84,44.95,"3.12 hours","8.99 hours",1975440,"Under The Waves"
14.5,3.49,75.98,14.5,"19 min","10.15 hours",208670,"Blades of Time"
14.5,3.49,81.6,14.5,"19 min","2.38 hours",340580,"Armed with Wings: Rearmed"
14.5,3.49,80.34,14.5,"19 min","4.11 hours",524640,"Asura: Vengeance Edition"
14.5,3.49,88.81,14.5,"19 min","3.06 hours",668210,"Super Fancy Pants Adventure"
14.5,3.49,69.86,14.5,"19 min","3.16 hours",1029100,"Worse Than Death"
14.5,3.49,82.04,14.5,"19 min",,2777760,Toastercide
29.5,3.47,71.66,29.5,"8 min","9.25 hours",1413660,Elderand
29.5,3.47,81.63,29.5,"8 min","6.97 hours",3229100,"Teenage Mutant Ninja Turtles: Tactical Takedown"
15.63,3.46,70.63,54.95,"3.52 hours","34.95 hours",607880,"Accel World VS. Sword Art Online Deluxe Edition"
14.95,3.45,93.99,14.95,"18 min","6.69 hours",2310,Quake
14.27,3.44,95.65,44.94,"3.15 hours","66.54 hours",787480,"Phoenix Wright: Ace Attorney Trilogy"
23.95,3.42,79.95,23.95,"10 min","9.57 hours",548840,"A Rose in the Twilight"
13.19,3.42,93.53,13.19,"21 min","2.39 hours",2166050,Moonleap
21.95,3.4,93.38,21.95,"11 min","8.18 hours",107100,Bastion
21.95,3.4,88.86,21.95,"11 min","7.08 hours",631570,"Whispers of a Machine"
16.95,3.39,74.34,16.95,"15 min","0.00 hours",379420,"Polynomial 2"
25.95,3.38,63.78,25.95,"9 min","12.75 hours",690140,"Sword Legacy Omen"
14.13,3.38,80.16,44.97,"3.18 hours","147.85 hours",728530,"SD GUNDAM G GENERATION CROSS RAYS"
17.75,3.36,82.63,17.75,"14 min","5.31 hours",205020,"Lumino City"
14.5,3.35,73.45,14.5,"18 min","8.11 hours",3800,"Advent Rising"
14.5,3.35,70.58,14.5,"18 min","5.73 hours",22670,"Alien Breed 3: Descent"
14.5,3.35,70.86,14.5,"18 min","6.45 hours",255280,"1954 Alcatraz"
14.5,3.35,65.78,14.5,"18 min","2.35 hours",311250,"Doorways: The Underworld"
14.5,3.35,75.99,14.5,"18 min","12.69 hours",419990,"Ganbare! Super Strikers"
14.5,3.35,76.44,14.5,"18 min","9.58 hours",549260,"Alwa's Awakening"
14.5,3.35,69.44,14.5,"18 min",,675140,"Laika 2.0"
14.5,3.35,55.55,14.5,"18 min",,1305570,"ピンボルアの勇者"
21.5,3.33,90.16,21.5,"11 min","14.91 hours",201790,"Orcs Must Die! 2"
21.5,3.33,84.85,21.5,"11 min","7.18 hours",336130,Shardlight
21.5,3.33,81.08,21.5,"11 min","10.99 hours",693700,"Prime Mover"
19.95,3.32,65.32,19.95,"12 min","6.02 hours",439310,"Until I Have You"
36.5,3.32,77.08,36.5,"6 min","11.02 hours",888530,Yaga
14.99,3.31,78.68,14.99,"17 min","20.44 hours",628770,Tangledeep
27.96,3.29,80.66,27.96,"8 min","17.25 hours",495050,"Mega Man Legacy Collection 2"
35.95,3.27,64.63,35.95,"6 min","23.38 hours",247660,"Deadly Premonition: The Director's Cut"
16.25,3.25,83.26,16.25,"15 min","5.19 hours",1273080,"Raptor Boyfriend"
15.64,3.24,95.24,59.95,"3.83 hours","13.93 hours",1222140,"Detroit: Become Human"
16.17,3.22,84.81,64.95,"4.02 hours","53.25 hours",987840,"Expeditions: Rome"
16.95,3.21,82.53,16.95,"14 min","0.00 hours",625740,Rifter
22.49,3.21,80.96,22.49,"10 min","6.91 hours",1257360,"Bloodstained: Curse of the Moon 2"
22.49,3.21,82.31,22.49,"10 min","10.62 hours",1588380,"Blaster Master Zero 3"
14.5,3.2,90.9,14.5,"17 min","3.81 hours",220780,"Thomas Was Alone"
14.5,3.2,91.11,14.5,"17 min","17.59 hours",248820,"Risk of Rain (2013)"
14.5,3.2,71.01,14.5,"17 min","5.65 hours",307570,"A Golden Wake"
14.5,3.2,88.05,14.5,"17 min","11.50 hours",355050,"Sky Force Anniversary"
14.5,3.2,76.13,14.5,"17 min","5.71 hours",382140,SKYHILL
20.5,3.18,80.87,20.5,"11 min","12.92 hours",201420,"Toki Tori 2+"
14.99,3.16,83.59,14.99,"16 min","4.56 hours",91100,SkyDrift
14.95,3.15,80.01,14.95,"16 min","5.90 hours",339190,"Dead Synchronicity: Tomorrow Comes Today"
14.23,3.14,20.99,14.23,"17 min","7.88 hours",201510,"FlatOut 3: Chaos & Destruction"
21.95,3.14,93.39,21.95,"10 min","21.51 hours",247080,"Crypt of the NecroDancer"
21.95,3.14,75.37,21.95,"10 min","5.56 hours",323580,"Jotun: Valhalla Edition"
21.95,3.14,76.08,21.95,"10 min",,368730,"No Time To Explain Remastered"
21.95,3.14,89.19,21.95,"10 min","16.52 hours",792100,"7 Billion Humans"
29.95,3.13,85.58,29.95,"7 min","9.29 hours",243200,Memoria
29.99,3.13,81.96,29.99,"7 min","10.67 hours",434050,"Duke Nukem 3D: 20th Anniversary World Tour"
23.95,3.12,43.51,23.95,"9 min","7.98 hours",546900,"Fear Effect Sedna"
16.5,3.12,77.79,16.5,"14 min","1.26 hours",1058280,"Speed Limit"
19.95,3.09,52.12,19.95,"11 min","4.69 hours",246070,"Hack 'n' Slash"
29.5,3.08,77.36,29.5,"7 min","45.73 hours",200980,"Geneforge 2"
29.5,3.08,89.7,29.5,"7 min","82.72 hours",257350,"Baldur's Gate II: Enhanced Edition"
21.5,3.07,91.62,21.5,"10 min","12.64 hours",217200,"Worms Armageddon"
21.5,3.07,69.01,21.5,"10 min","107.71 hours",237890,"Agarest: Generations of War"
21.5,3.07,84.38,21.5,"10 min","6.19 hours",250700,"Super Time Force Ultra"
14.5,3.05,87.0,14.5,"16 min","3.48 hours",6120,Shank
14.5,3.05,72.6,14.5,"16 min","4.33 hours",95300,Capsized
14.5,3.05,73.5,14.5,"16 min","12.28 hours",262960,"Castle In The Darkness"
14.5,3.05,66.42,14.5,"16 min","13.49 hours",281200,"A Boy and His Blob"
14.5,3.05,91.07,14.5,"16 min","6.55 hours",310080,"Hatoful Boyfriend"
14.5,3.05,88.56,14.5,"16 min","6.23 hours",370910,"Kathy Rain"
14.5,3.05,92.47,14.5,"16 min","7.28 hours",394970,DEADBOLT
14.5,3.05,83.11,14.5,"16 min","17.11 hours",1168880,MOLEK-SYNTEZ
14.5,3.05,81.17,14.5,"16 min","3.36 hours",1900890,"Redgar: The Space Viking"
28.95,3.02,78.79,28.95,"7 min","8.30 hours",221830,"The Book of Unwritten Tales: The Critter Chronicles"
15.95,3.02,67.55,15.95,"14 min","5.69 hours",485030,"PLANET ALPHA"
19.5,3.02,84.55,19.5,"11 min","6.41 hours",824570,Kine
22.99,3.0,80.05,22.99,"9 min","61.28 hours",409870,"Phantom Brave PC"
14.95,2.99,82.34,14.95,"15 min","9.79 hours",15120,"Tom Clancy's Rainbow Six: Vegas 2"
16.39,2.99,74.74,73.5,"4.48 hours","33.32 hours",527430,"Warhammer 40,000: Inquisitor - Martyr"
13.99,2.95,88.61,13.99,"16 min","12.19 hours",1180540,"Puddle Knights"
18.95,2.94,78.84,18.95,"11 min","13.50 hours",1477170,"Empires Shall Fall"
18.68,2.94,59.92,99.95,"5.35 hours","27.81 hours",1846380,"Need for Speed™ Unbound"
16.42,2.92,92.18,16.42,"13 min","29.07 hours",312520,"Rain World"
14.58,2.92,86.11,14.58,"15 min","3.58 hours",465100,"LUNA The Shadow Dust"
18.76,2.91,73.25,18.76,"11 min","24.50 hours",517330,"Stellar Interface"
14.5,2.9,91.07,14.5,"15 min","7.26 hours",32460,"Monkey Island 2: Special Edition"
14.5,2.9,61.48,14.5,"15 min","9.34 hours",45300,"Wings of Prey: Special Edition"
14.5,2.9,83.96,14.5,"15 min","7.40 hours",80310,"Gemini Rue"
14.5,2.9,60.19,14.5,"15 min","5.00 hours",248470,"Doorways: Prelude"
14.5,2.9,90.26,14.5,"15 min","6.12 hours",253030,"Race The Sun"
14.5,2.9,84.89,14.5,"15 min","15.80 hours",286460,"Black Mirror II"
14.5,2.9,88.37,14.5,"15 min","6.64 hours",402530,"The Last Door: Season 2 - Collector's Edition"
14.5,2.9,90.99,14.5,"15 min","6.51 hours",469790,Linelight
14.5,2.9,49.56,14.5,"15 min","6.30 hours",496390,Shiny
14.5,2.9,77.62,14.5,"15 min","3.50 hours",690120,"Inked: A Tale of Love"
14.5,2.9,75.57,14.5,"15 min","2.59 hours",899470,"Chook & Sosig: Walk the Plank"
14.5,2.9,77.25,14.5,"15 min","4.79 hours",1267930,"Deadly Dozen: Pacific Theater"
14.5,2.9,68.67,14.5,"15 min","2.79 hours",2241560,"Angel's Gear"
15.3,2.89,85.81,15.3,"14 min","19.64 hours",6310,"The Longest Journey"
18.5,2.87,72.25,18.5,"11 min","5.26 hours",454950,Mainlining
15.97,2.87,77.83,72.95,"4.57 hours","73.10 hours",485510,"Nioh: Complete Edition"
19.99,2.86,85.45,19.99,"10 min","17.54 hours",40990,Mafia
21.95,2.86,79.11,21.95,"9 min","6.62 hours",98400,"Hard Reset"
21.95,2.86,85.31,21.95,"9 min","7.76 hours",227100,"Sniper Elite: Nazi Zombie Army"
21.95,2.86,82.09,21.95,"9 min","6.33 hours",247910,"Sniper Elite: Nazi Zombie Army 2"
21.95,2.86,81.67,21.95,"9 min","3.44 hours",253290,FOTONICA
18.44,2.86,84.23,18.44,"11 min","7.90 hours",1605320,"Unusual Findings"
14.29,2.86,80.9,14.29,"15 min",,1640320,B.I.O.T.A.
15.86,2.82,77.27,73.5,"4.63 hours","35.83 hours",307960,"IL-2 Sturmovik: Battle of Stalingrad"
36.5,2.81,85.59,36.5,"5 min","4.23 hours",1647920,"Valfaris: Mecha Therion"
21.5,2.8,78.08,21.5,"9 min","18.98 hours",242780,"Cognition: An Erica Reed Thriller"
21.5,2.8,85.09,21.5,"9 min","8.52 hours",248550,"Megabyte Punch"
21.5,2.8,94.11,21.5,"9 min","78.43 hours",322330,"Don't Starve Together"
21.5,2.8,76.7,21.5,"9 min","12.39 hours",613190,Unworthy
21.5,2.8,75.04,21.5,"9 min","3.24 hours",616560,"Ultimate Epic Battle Simulator"
13.19,2.78,87.18,13.19,"16 min","5.33 hours",538070,"Bad Dream: Coma"
35.95,2.77,84.44,35.95,"5 min","6.35 hours",750290,"Slice of Sea"
35.95,2.77,51.52,35.95,"5 min","0.00 hours",824070,"Objects in Space"
43.95,2.75,78.68,43.95,"4 min","20.77 hours",660160,"Field of Glory II"
14.5,2.74,72.03,14.5,"14 min","10.07 hours",105000,"A New Beginning - Final Cut"
14.5,2.74,80.88,14.5,"14 min","6.01 hours",249590,Teslagrad
14.5,2.74,86.6,14.5,"14 min","1.96 hours",290510,GNOG
14.5,2.74,71.2,14.5,"14 min","3.11 hours",528720,Shu
14.5,2.74,59.42,14.5,"14 min",,945540,"Knights of Riddle"
14.5,2.74,89.53,14.5,"14 min","3.50 hours",1078420,"Critters for Sale"
14.5,2.74,70.34,14.5,"14 min",,1154300,"The Equinox Hunt"
14.5,2.74,89.24,14.5,"14 min","1.80 hours",1425760,"Pulling No Punches"
20.95,2.73,75.97,20.95,"9 min","3.98 hours",320040,"Moon Hunters"
18.95,2.71,72.06,18.95,"10 min","3.43 hours",828900,"The Stillness of the Wind"
14.16,2.71,95.89,59.95,"4.23 hours","12.29 hours",883710,"Resident Evil 2"
25.95,2.71,77.3,25.95,"7 min","6.80 hours",1656780,"Hero's Hour"
29.5,2.68,79.75,29.5,"6 min","67.86 hours",39500,"Gothic 3"
29.5,2.68,75.6,29.5,"6 min","42.24 hours",200990,"Geneforge 3"
29.5,2.68,88.01,29.5,"6 min","7.02 hours",1286350,"BPM: BULLETS PER MINUTE"
20.5,2.67,89.41,20.5,"9 min","30.50 hours",1291790,"Lakeview Cabin 2"
14.95,2.66,64.16,14.95,"13 min","6.67 hours",359610,"Assassin’s Creed® Chronicles: India"
18.49,2.64,87.13,18.49,"10 min","0.00 hours",1092630,"Rogue Glitch Ultra"
28.95,2.63,86.39,28.95,"6 min","20.70 hours",301650,"Battlezone 98 Redux"
28.95,2.63,76.62,28.95,"6 min","46.78 hours",345350,"LIGHTNING RETURNS: FINAL FANTASY XIII"
17.0,2.63,84.23,17.0,"11 min","7.79 hours",893680,"Project Warlock"
19.99,2.61,85.67,19.99,"9 min","14.61 hours",223810,"Ys I"
19.99,2.61,84.84,19.99,"9 min","2.99 hours",907470,Iris.Fall
21.95,2.58,75.45,21.95,"8 min","36.10 hours",1930,"Two Worlds: Epic Edition"
14.5,2.58,75.7,14.5,"13 min","10.27 hours",11550,"Second Sight"
21.95,2.58,86.48,21.95,"8 min","11.34 hours",208750,Apotheon
14.5,2.58,92.53,14.5,"13 min","7.09 hours",227000,Primordia
21.95,2.58,90.1,21.95,"8 min","2.81 hours",316610,"A Good Snowman Is Hard To Build"
21.95,2.58,79.01,21.95,"8 min","6.21 hours",365660,"OlliOlli2: Welcome to Olliwood"
14.5,2.58,81.99,14.5,"13 min","7.83 hours",392610,"Tricone Lab"
21.95,2.58,91.05,21.95,"8 min","4.31 hours",589780,"The Red Strings Club"
14.5,2.58,87.97,14.5,"13 min","6.14 hours",742520,Astrologaster
14.5,2.58,74.31,14.5,"13 min","4.00 hours",943810,"Chaos Sector"
14.5,2.58,84.73,14.5,"13 min",,1319790,"Yogurt Commercial 3"
14.5,2.58,77.77,14.5,"13 min",,1371710,"Rogue Aces Deluxe"
14.5,2.58,66.66,14.5,"13 min",,1619820,"Operation: Pinkeye"
14.5,2.58,73.89,14.5,"13 min","5.74 hours",2193050,"Bleak Sword DX"
13.5,2.55,85.9,13.5,"14 min","4.33 hours",214970,"Intrusion 2"
21.5,2.53,76.52,21.5,"8 min","7.09 hours",497730,"The Wardrobe"
13.19,2.5,78.6,13.19,"14 min","26.02 hours",12330,"DarkStar One"
13.19,2.5,86.39,13.19,"14 min","6.13 hours",593960,Lorelai
23.95,2.5,83.67,23.95,"7 min","2.82 hours",609110,"Blazing Chrome"
14.99,2.5,83.99,14.99,"12 min","9.55 hours",1034910,"Blaster Master Zero 2"
15.0,2.5,91.31,15.0,"12 min","6.25 hours",1130410,"Cyber Hook"
14.88,2.48,76.55,14.88,"12 min","2.18 hours",2430660,MiceGard
20.95,2.46,91.4,20.95,"8 min","78.31 hours",214730,"Space Rangers HD: A War Apart"
14.5,2.42,78.17,14.5,"12 min",,26000,"The Maw"
14.5,2.42,84.37,14.5,"12 min","7.90 hours",209190,"Stealth Bastard Deluxe"
14.5,2.42,70.58,14.5,"12 min","5.60 hours",244890,"Velocity®Ultra"
14.5,2.42,80.88,14.5,"12 min","11.76 hours",264690,"Coin Crypt"
14.5,2.42,58.08,14.5,"12 min","3.03 hours",281940,"Woolfe - The Red Hood Diaries"
14.5,2.42,86.02,14.5,"12 min","4.29 hours",359140,"Kick Ass Commandos"
14.5,2.42,85.38,14.5,"12 min","7.21 hours",401810,Poi
14.5,2.42,78.63,14.5,"12 min","10.58 hours",620220,Catmaze
14.5,2.42,87.22,14.5,"12 min","8.61 hours",1471960,"Room to Grow"
14.5,2.42,85.38,14.5,"12 min","1.35 hours",1946550,"Toilet Chronicles"
18.5,2.41,80.15,18.5,"9 min","14.05 hours",1068360,Fearmonium
22.95,2.4,73.15,22.95,"7 min","4.05 hours",330420,"The Interactive Adventures of Dog Mendonça and Pizzaboy"
15.49,2.4,79.4,15.49,"11 min","14.15 hours",533950,"Don't open the doors!"
14.35,2.39,74.95,14.35,"12 min","8.56 hours",524250,"Dad Quest"
25.95,2.36,87.19,25.95,"6 min","7.52 hours",296710,"Monstrum "
14.95,2.32,28.54,14.95,"11 min","5.60 hours",39560,"Painkiller: Resurrection"
15.0,2.32,88.91,15.0,"11 min","33.04 hours",367450,"Poly Bridge"
13.95,2.32,68.29,13.95,"12 min","15.05 hours",754530,"IL-2 Sturmovik: Cliffs of Dover Blitz"
14.99,2.32,72.93,14.99,"11 min","0.00 hours",994040,"Lichtspeer: Double Speer Edition"
14.98,2.32,88.22,14.98,"11 min","35.69 hours",1545560,"Shadow Gambit: The Cursed Crew"
21.95,2.29,87.23,21.95,"7 min","59.94 hours",63910,"King's Bounty: Crossworlds"
21.95,2.29,81.68,21.95,"7 min","1.48 hours",629770,"Tiny Echo"
21.95,2.29,55.86,21.95,"7 min","8.53 hours",879420,"Agony UNRATED"
21.95,2.29,79.05,21.95,"7 min","0.00 hours",1394480,"Rocco's Island: Ring to End the Pain"
21.95,2.29,87.94,21.95,"7 min","7.29 hours",1395030,"Kathy Rain: Director's Cut"
29.5,2.27,74.72,29.5,"5 min","4.50 hours",383930,"Doorways: Holy Mountains of Flesh"
24.95,2.27,68.5,24.95,"6 min","5.20 hours",827610,"Dead End Job"
14.5,2.25,74.17,14.5,"11 min","6.98 hours",18120,"Unstoppable Gorg"
21.5,2.25,81.69,21.5,"7 min","2.72 hours",31100,"Wallace & Gromit Ep 1: Fright of the Bumblebees"
14.5,2.25,75.41,14.5,"11 min","13.26 hours",105800,"PixelJunk™ Eden"
21.5,2.25,75.28,21.5,"7 min","7.11 hours",215690,"Zeno Clash 2"
21.5,2.25,78.5,21.5,"7 min","7.30 hours",374900,"Agatha Christie - The ABC Murders"
14.5,2.25,91.72,14.5,"11 min","8.50 hours",405290,"Charlie Murder"
14.5,2.25,70.38,14.5,"11 min","8.19 hours",781480,"Tech Support: Error Unknown"
21.5,2.25,54.75,21.5,"7 min","27.88 hours",939120,"Grand Guilds"
21.5,2.25,62.11,21.5,"7 min","3.01 hours",1715350,UNDETECTED
28.95,2.23,82.31,28.95,"5 min","0.00 hours",334310,"Plebby Quest: The Crusades"
18.95,2.23,78.3,18.95,"8 min","0.00 hours",596390,"Over My Dead Body (For You)"
18.95,2.23,87.81,18.95,"8 min","14.10 hours",833040,"Hiveswap Friendsim"
28.95,2.23,76.6,28.95,"5 min","31.14 hours",840720,"Sword Art Online: Lost Song"
18.95,2.23,40.9,18.95,"8 min","0.00 hours",1086990,"Commander '85"
28.95,2.23,71.66,28.95,"5 min","19.11 hours",1508400,"Kaiju Wars"
14.35,2.22,72.8,14.35,"11 min","4.51 hours",452920,"Laser Disco Defenders"
18.88,2.22,81.14,18.88,"8 min","9.31 hours",3232610,"Bendy: Lone Wolf"
15.5,2.21,84.15,15.5,"10 min","52.65 hours",486720,"Bastard Bonds"
16.95,2.21,75.14,16.95,"9 min","9.74 hours",630720,"Mana Spark"
16.95,2.21,65.65,16.95,"9 min","6.63 hours",753230,STAY
13.99,2.17,55.57,13.99,"11 min","5.50 hours",716760,"Dream Alone"
13.95,2.16,84.05,13.95,"11 min","5.39 hours",508790,"Flat Heroes"
23.5,2.14,80.62,23.5,"6 min","3.50 hours",470580,"In The Shadows"
23.5,2.14,91.04,23.5,"6 min","6.94 hours",658850,"Do Not Feed the Monkeys"
14.99,2.14,89.36,14.99,"10 min","17.87 hours",703320,"Hidden & Dangerous 2: Courage Under Fire"
20.5,2.14,80.95,20.5,"7 min","2.88 hours",1284870,"Ultreïa"
14.88,2.13,79.48,14.88,"10 min","3.50 hours",1598910,"The Exсrawlers"
22.94,2.09,83.62,22.94,"6 min","18.83 hours",363440,"Mega Man Legacy Collection"
22.95,2.09,92.72,22.95,"6 min","7.45 hours",1451940,"NEEDY GIRL OVERDOSE"
14.5,2.07,92.67,14.5,"10 min","14.75 hours",3830,Psychonauts
14.5,2.07,83.8,14.5,"10 min","12.98 hours",42910,Magicka
14.5,2.07,85.72,14.5,"10 min","6.33 hours",50000,Nimbus
14.5,2.07,83.87,14.5,"10 min","3.49 hours",99700,NightSky
14.5,2.07,88.24,14.5,"10 min","72.35 hours",201310,"X3: Albion Prelude"
14.5,2.07,84.09,14.5,"10 min","8.21 hours",227200,"Waking Mars"
14.5,2.07,81.86,14.5,"10 min","8.44 hours",257990,"Oozi: Earth Adventure"
14.5,2.07,87.03,14.5,"10 min","5.83 hours",317320,"Nelly Cootalot: The Fowl Fleet"
14.5,2.07,71.0,14.5,"10 min","0.00 hours",643940,"Jim is Moving Out!"
14.5,2.07,78.45,14.5,"10 min","3.50 hours",785880,OVERWHELM
14.49,2.07,73.44,14.49,"10 min","5.29 hours",1172940,"Cockwork Industries Complete"
13.19,2.04,90.7,13.19,"11 min","9.13 hours",253110,"The Cat Lady"
13.19,2.04,49.75,13.19,"11 min",,1790340,"空気読み。オンライン"
22.45,2.04,90.28,22.45,"6 min","26.70 hours",3286930,"Heretic + Hexen"
15.5,2.02,88.32,15.5,"9 min","1.63 hours",1065020,"Micro Mages"
21.95,2.0,65.73,21.95,"6 min","3.79 hours",458630,"Political Animals"
14.95,1.95,84.07,14.95,"9 min","14.19 hours",208200,"DOOM 3: BFG Edition"
21.5,1.95,84.19,21.5,"6 min","15.36 hours",256460,"Cosmic Star Heroine"
21.5,1.95,89.55,21.5,"6 min","38.46 hours",564310,"Serious Sam Fusion 2017 (beta)"
21.5,1.95,90.01,21.5,"6 min","55.74 hours",843260,"The Bard's Tale Trilogy"
14.75,1.92,80.06,14.75,"9 min","9.52 hours",2131680,"METAL GEAR & METAL GEAR 2: Solid Snake"
14.5,1.89,89.75,14.5,"9 min","9.74 hours",300,"Day of Defeat: Source"
14.5,1.89,72.11,14.5,"9 min","14.23 hours",70420,Chantelise
14.5,1.89,83.99,14.5,"9 min","5.12 hours",204240,"The Bridge"
14.5,1.89,84.83,14.5,"9 min","11.61 hours",228960,"Skulls of the Shogun"
14.5,1.89,90.39,14.5,"9 min","5.12 hours",253750,Ikaruga
14.5,1.89,85.46,14.5,"9 min","12.59 hours",327740,"TRON 2.0"
14.5,1.89,87.77,14.5,"9 min","13.57 hours",361990,"Lakeview Cabin Collection"
14.5,1.89,85.42,14.5,"9 min","4.33 hours",376520,"Kelvin and the Infamous Machine"
14.5,1.89,71.15,14.5,"9 min","7.39 hours",401360,"The Aquatic Adventure of the Last Human"
14.5,1.89,51.81,14.5,"9 min","6.27 hours",496400,Renoir
14.5,1.89,83.11,14.5,"9 min","2.08 hours",696480,"The Norwood Suite"
14.5,1.89,79.69,14.5,"9 min","4.52 hours",700160,Semblance
14.5,1.89,83.76,14.5,"9 min","5.01 hours",872750,"Guard Duty"
14.5,1.89,80.68,14.5,"9 min","1.00 hours",1056690,"Drink More Glurp"
14.5,1.89,76.3,14.5,"9 min","6.71 hours",1585440,"They Always Run"
14.5,1.89,75.3,14.5,"9 min","3.75 hours",1596440,ARKOS
14.5,1.89,77.04,14.5,"9 min","4.20 hours",1969830,"Dadish 3"
13.18,1.88,91.46,13.18,"10 min","6.26 hours",860510,"Little Nightmares II"
18.0,1.88,79.68,18.0,"7 min","6.48 hours",1573390,"Lila’s Sky Ark"
29.5,1.84,77.32,29.5,"4 min","47.52 hours",201000,"Geneforge 4"
28.95,1.81,81.41,28.95,"4 min","5.87 hours",543260,"Wonder Boy: The Dragon's Trap"
28.95,1.81,62.78,28.95,"4 min",,744670,"WORLDS AT WAR (Monitor & VR)"
28.95,1.81,82.33,28.95,"4 min","3.04 hours",1299360,"Mighty Goose"
14.95,1.76,77.62,14.95,"8 min","35.09 hours",40390,"Risen 2 - Dark Waters"
14.95,1.76,47.0,14.95,"8 min","0.00 hours",403390,"Undercover Missions: Operation Kursk K-141"
27.99,1.75,79.91,27.99,"4 min","3.60 hours",628800,"Super Hydorah"
14.5,1.71,74.69,14.5,"8 min","6.26 hours",212030,"Kung Fu Strike: The Warrior's Rise"
14.5,1.71,86.22,14.5,"8 min","13.08 hours",225160,"Shadow Warrior Classic Redux"
14.5,1.71,79.5,14.5,"8 min","18.68 hours",231740,"Knights of Pen and Paper +1"
14.5,1.71,83.54,14.5,"8 min","19.81 hours",282010,"Carmageddon Max Pack"
14.5,1.71,78.3,14.5,"8 min","8.98 hours",297120,"Heavy Bullets"
14.5,1.71,63.98,14.5,"8 min","9.15 hours",298950,"Darkness Within 2: The Dark Lineage Director's Cut Edition"
14.5,1.71,84.59,14.5,"8 min","11.47 hours",324140,Kalimba
14.5,1.71,86.27,14.5,"8 min","4.55 hours",617440,"Juanito Arcade Mayhem"
14.5,1.71,86.53,14.5,"8 min","8.69 hours",721390,"Pipe Push Paradise"
14.5,1.71,64.83,14.5,"8 min","0.00 hours",953870,"Space Robinson"
14.5,1.71,78.53,14.5,"8 min","0.00 hours",1204410,Kosmokrats
14.5,1.71,70.68,14.5,"8 min","9.99 hours",1377920,"Big Mutha Truckers 2: Truck Me Harder"
14.5,1.71,50.07,14.5,"8 min","1.98 hours",1424910,KEO
14.5,1.71,86.07,14.5,"8 min","3.36 hours",1549750,Vomitoreum
18.5,1.68,60.56,18.5,"6 min","47.11 hours",346830,"FINAL FANTASY IV: THE AFTER YEARS"
18.5,1.68,68.88,18.5,"6 min","6.64 hours",361550,Cradle
35.05,1.67,85.33,35.05,"3 min","12.16 hours",262940,"Broken Sword 5 - the Serpent's Curse"
17.95,1.63,86.04,17.95,"6 min","26.33 hours",613830,"CHRONO TRIGGER"
17.75,1.61,86.88,17.75,"6 min","13.63 hours",1510,Uplink
17.75,1.61,81.04,17.75,"6 min",,798840,"Panzer War: Definitive Edition"
14.95,1.56,67.37,14.95,"7 min","61.56 hours",15200,"Silent Hunter: Wolves of the Pacific"
14.95,1.56,79.19,14.95,"7 min","10.56 hours",40330,"Secret Files: Tunguska"
14.95,1.56,90.96,14.95,"7 min","13.85 hours",207490,"Rayman Origins"
24.99,1.56,62.9,24.99,"4 min","22.64 hours",368080,"Aurion: Legacy of the Kori-Odan"
16.95,1.54,91.43,16.95,"6 min","16.84 hours",398000,"Little Big Adventure 2"
16.95,1.54,88.51,16.95,"6 min","4.67 hours",470780,"She Remembered Caterpillars"
14.5,1.51,76.83,14.5,"7 min","28.03 hours",37000,"The Void"
14.5,1.51,79.64,14.5,"7 min","4.76 hours",102840,"Shank 2"
14.5,1.51,79.79,14.5,"7 min","31.11 hours",233700,"Sword of the Stars: The Pit"
14.5,1.51,91.83,14.5,"7 min","7.30 hours",236930,"Blackwell Epiphany"
14.5,1.51,88.69,14.5,"7 min","5.32 hours",274350,Dropsy
14.5,1.51,70.57,14.5,"7 min","2.89 hours",327060,Feist
14.5,1.51,87.03,14.5,"7 min","5.40 hours",377080,"Hatoful Boyfriend: Holiday Star"
14.5,1.51,89.91,14.5,"7 min","1.41 hours",396350,"Bleed 2"
31.81,1.51,80.63,31.81,"3 min","1.78 hours",449680,SAMOLIOTIK
14.5,1.51,83.86,14.5,"7 min","2.37 hours",597700,OVIVO
14.5,1.51,69.65,14.5,"7 min","13.70 hours",816430,"Radical Relocation"
14.5,1.51,79.32,14.5,"7 min","7.45 hours",841660,"The Treehouse Man"
14.5,1.51,73.3,14.5,"7 min","0.72 hours",1340180,"Sherwood Extreme"
23.5,1.47,82.17,23.5,"4 min","99.85 hours",2820,"X3: Terran Conflict"
13.95,1.46,63.5,13.95,"7 min","16.73 hours",243000,"Omikron - The Nomad Soul"
18.95,1.46,71.33,18.95,"5 min","64.24 hours",289520,"King's Bounty: Dark Side"
13.99,1.46,85.92,13.99,"7 min","11.53 hours",322290,"Gurumin: A Monstrous Adventure"
30.55,1.45,80.19,30.55,"3 min","13.13 hours",6300,"Dreamfall: The Longest Journey"
29.95,1.43,83.31,29.95,"3 min","11.10 hours",203830,"The Dark Eye: Chains of Satinav"
22.95,1.43,66.49,22.95,"4 min","8.09 hours",979310,Disjunction
43.95,1.42,82.08,43.95,"2 min","30.55 hours",292910,"Deponia: The Complete Journey"
28.95,1.38,58.42,28.95,"3 min","92.57 hours",312790,"Agarest: Generations of War 2"
21.95,1.37,86.45,21.95,"4 min","6.41 hours",716500,Eliza
14.99,1.36,80.27,14.99,"6 min","5.27 hours",285840,"Enemy Mind"
21.5,1.34,79.95,21.5,"4 min","17.61 hours",371200,"Halcyon 6: Starbase Commander (CLASSIC)"
14.5,1.32,57.29,14.5,"6 min","5.31 hours",9500,Gish
14.5,1.32,68.82,14.5,"6 min","13.26 hours",18470,Helldorado
14.5,1.32,80.91,14.5,"6 min","8.32 hours",72000,Closure
14.5,1.32,60.35,14.5,"6 min","3.31 hours",229810,"A Fistful of Gun"
14.5,1.32,80.4,14.5,"6 min","16.25 hours",292930,"Black Mirror I"
14.5,1.32,86.3,14.5,"6 min","12.86 hours",353640,"Train Valley"
14.5,1.32,59.92,14.5,"6 min","4.31 hours",414160,"Nubarron: The adventure of an unlucky gnome"
14.5,1.32,85.45,14.5,"6 min","4.05 hours",595790,"Hell is Other Demons"
14.5,1.32,88.87,14.5,"6 min","25.35 hours",667600,"Sky Force Reloaded"
14.5,1.32,81.03,14.5,"6 min","4.96 hours",751220,ETHEREAL
14.5,1.32,73.46,14.5,"6 min","6.34 hours",961620,Flashback
14.5,1.32,76.11,14.5,"6 min","0.00 hours",1491510,"Recon Control"
16.95,1.3,76.26,16.95,"5 min","0.00 hours",553950,"GRIDD: Retroenhanced"
13.99,1.27,91.46,13.99,"6 min","13.50 hours",659540,"Warsim: The Realm of Aslona"
13.27,1.21,67.51,13.27,"6 min","3.09 hours",2287560,"Vengeance of Mr. Peppermint"
15.0,1.15,82.67,15.0,"5 min","7.98 hours",574590,Koloro
18.0,1.13,77.57,18.0,"4 min","6.25 hours",747620,Joggernauts
14.5,1.12,67.67,14.5,"5 min","12.07 hours",280,"Half-Life: Source"
14.5,1.12,68.93,14.5,"5 min","86.71 hours",2810,"X3: Reunion"
14.5,1.12,84.19,14.5,"5 min","36.20 hours",65300,Dustforce
14.5,1.12,89.42,14.5,"5 min","5.00 hours",80360,"Blackwell Deception"
14.5,1.12,76.6,14.5,"5 min","73.99 hours",203350,"King's Bounty: Warriors of the North"
14.5,1.12,83.05,14.5,"5 min","15.25 hours",282030,"Carmageddon 2: Carpocalypse Now"
14.5,1.12,76.47,14.5,"5 min","3.83 hours",447800,"LostWinds 2: Winter of the Melodias"
14.5,1.12,66.43,14.5,"5 min",,857540,"Soviet Bear Uni Adventure"
14.5,1.12,75.39,14.5,"5 min","12.36 hours",1045580,Deleveled
14.5,1.12,61.74,14.5,"5 min","4.00 hours",1420850,CyberTaxi
17.75,1.11,85.66,17.75,"4 min","11.27 hours",1144030,Pesterquest
13.99,1.08,79.82,13.99,"5 min","2.52 hours",433910,"Neon Drive"
16.95,1.06,59.19,16.95,"4 min","0.00 hours",817460,"Sea Dogs: Caribbean Tales"
21.5,1.02,80.67,21.5,"3 min","7.82 hours",238370,"Magicka 2"
13.19,1.01,86.34,13.19,"5 min","2.87 hours",1232010,"Radical Rabbit Stew"
28.95,0.93,70.16,28.95,"2 min","110.47 hours",260130,"Agarest Zero"
14.5,0.91,50.26,14.5,"4 min","24.56 hours",9710,"Desperados 2: Cooper’s Revenge"
14.5,0.91,48.44,14.5,"4 min","20.94 hours",65600,"Gothic 3 Forsaken Gods Enhanced Edition"
14.5,0.91,88.93,14.5,"4 min","57.96 hours",92800,SpaceChem
14.5,0.91,86.55,14.5,"4 min","21.97 hours",227780,"Serious Sam Classics: Revolution"
14.5,0.91,77.84,14.5,"4 min","12.24 hours",253920,"Gorky 17"
14.5,0.91,54.95,14.5,"4 min","1.11 hours",287220,Autocraft
14.5,0.91,84.46,14.5,"4 min","6.93 hours",441280,"Pharaoh Rebirth+"
14.5,0.91,76.79,14.5,"4 min","2.61 hours",447780,LostWinds
14.5,0.91,83.86,14.5,"4 min","2.88 hours",558420,"Stories Untold"
14.5,0.91,78.32,14.5,"4 min","9.18 hours",619280,Gloom
14.5,0.91,73.6,14.5,"4 min","1.45 hours",670930,"Escape Doodland"
14.5,0.91,84.48,14.5,"4 min","2.18 hours",1000640,"Clam Man"
14.5,0.91,78.27,14.5,"4 min","3.20 hours",1097100,"Please, Touch The Artwork"
14.5,0.91,57.29,14.5,"4 min","0.00 hours",1171120,Nira
14.5,0.91,91.13,14.5,"4 min","3.89 hours",1444350,House
14.95,0.71,80.13,14.95,"3 min","14.14 hours",13500,"Prince of Persia: Warrior Within"
14.95,0.71,68.82,14.95,"3 min","8.34 hours",33320,"Prince of Persia: The Forgotten Sands"
14.95,0.71,68.57,14.95,"3 min","2.62 hours",257220,"Secret Files: Sam Peters"
14.75,0.7,53.02,14.75,"3 min","0.00 hours",1308360,"Gun Jam"
14.5,0.69,82.54,14.5,"3 min","39.09 hours",12320,"Sacred Gold"
14.5,0.69,41.38,14.5,"3 min","11.70 hours",259170,"Alone in the Dark (2008)"
14.5,0.69,85.69,14.5,"3 min","1.48 hours",351510,Quiplash
14.5,0.69,87.81,14.5,"3 min","8.65 hours",356570,"Party Hard"
14.5,0.69,63.07,14.5,"3 min","5.25 hours",400360,"Adam's Venture Origins"
21.5,0.69,81.77,21.5,"2 min","9.18 hours",446810,"Blossom Tales: The Sleeping King"
14.5,0.69,73.9,14.5,"3 min","13.00 hours",624320,"Loyalty and Blood: Viktor Origins"
14.5,0.69,69.09,14.5,"3 min","5.92 hours",919410,"Felix the Reaper"
14.5,0.69,68.53,14.5,"3 min","3.46 hours",1269500,"Crowalt: Traces of the Lost Colony"
14.5,0.69,82.44,14.5,"3 min","3.45 hours",1529160,"Gunborg: Dark Matters"
18.95,0.61,74.48,18.95,"2 min","5.82 hours",274250,OlliOlli
17.75,0.57,84.34,17.75,"2 min","2.28 hours",1520,DEFCON
16.95,0.55,77.64,16.95,"2 min","56.65 hours",570780,"古剑奇谭(GuJian)"
29.95,0.49,82.41,29.95,"1 min","12.02 hours",421050,"Deponia Doomsday"
29.5,0.48,63.76,29.5,"1 min","10.57 hours",273590,"Descent 3"
14.5,0.47,73.7,14.5,"2 min","4.08 hours",360,"Half-Life Deathmatch: Source"
14.5,0.47,80.23,14.5,"2 min","3.00 hours",325520,"Fire: Ungh’s Quest"
14.5,0.47,53.38,14.5,"2 min","30.00 hours",410990,"Master of Orion 3"
28.95,0.47,81.93,28.95,"1 min","2.27 hours",788690,"Psychonauts in the Rhombus of Ruin"
28.95,0.47,75.85,28.95,"1 min","7.21 hours",1099640,"Jack Move"
27.99,0.46,72.67,27.99,"1 min","10.35 hours",1261520,"Asterix & Obelix XXL"
13.19,0.43,76.55,13.19,"2 min","39.70 hours",215930,"Jagged Alliance 2 - Wildfire "
21.95,0.36,77.05,21.95,"1 min","2.83 hours",717610,"A Case of Distrust"
21.95,0.36,78.68,21.95,"1 min","7.37 hours",1141120,"Scarlet Hood and the Wicked Wood"
21.5,0.35,42.96,21.5,"1 min","4.07 hours",65610,"ArcaniA: Fall of Setarrif"
21.5,0.35,81.87,21.5,"1 min","3.30 hours",94620,"Hector: Ep 3"
21.5,0.35,65.3,21.5,"1 min","15.66 hours",1623700,"Deiland: Pocket Planet Edition"
18.5,0.3,82.64,18.5,"1 min","8.31 hours",46510,"Syberia 2"
14.95,0.25,77.53,14.95,"1 min","10.23 hours",13530,"Prince of Persia: The Two Thrones"
14.95,0.25,78.13,14.95,"1 min","9.71 hours",40340,"Secret Files: Puritas Cordis"
14.95,0.25,66.59,14.95,"1 min","5.72 hours",216210,"Secret Files 3"
14.95,0.25,75.95,14.95,"1 min","30.33 hours",310490,"Crookz - The Big Heist"
14.5,0.24,83.73,14.5,"1 min","14.39 hours",286480,"Black Mirror III"
14.5,0.24,67.57,14.5,"1 min","7.97 hours",514080,"Deadly Dozen"
14.88,0.24,68.96,14.88,"1 min","2.15 hours",1125110,Obsurity
13.95,0.23,71.53,13.95,"1 min","27.95 hours",63650,"Uru: Complete Chronicles"
13.95,0.23,58.22,13.95,"1 min","3.18 hours",246680,"Secrets of Rætikon"
